error,base_id,source,engl,phon,syll,text
Mismatched asterisk count: Syllabary(0) vs Phonetic(1),b0cefb0b2dba66b7,cn-app-dictionary.csv,,su:de:tiyv̋:da iyú:da̋:li ije̋: dagwalé:la *à:danv:sgó:’i*,ᏑᏕᏘᏴᏓ ᎢᏳᏓᎵ ᎢᏤ ᏓᏆᎴᎳ ᎠᏓᏅᏍᎪᎢ.,
Mismatched asterisk count: Syllabary(0) vs Phonetic(1),b0cefb0b2dba66b7,cn-app-dictionary.csv,,su:de:tiyv̋:da iyú:da̋:li ije̋: dagwalé:la *à:danv:sgó:’i*,ᏑᏕᏘᏴᏓ ᎢᏳᏓᎵ ᎢᏤ ᏓᏆᎴᎳ ᎠᏓᏅᏍᎪᎢ.,
Mismatched asterisk count: Syllabary(0) vs Phonetic(1),b0cefb0b2dba66b7,cn-app-dictionary.csv,,su:de:tiyv̋:da iyú:da̋:li ije̋: dagwalé:la *à:danv:sgó:’i*,ᏑᏕᏘᏴᏓ ᎢᏳᏓᎵ ᎢᏤ ᏓᏆᎴᎳ ᎠᏓᏅᏍᎪᎢ.,
Mismatched asterisk count: Syllabary(0) vs Phonetic(1),b0cefb0b2dba66b7,cn-app-dictionary.csv,,su:de:tiyv̋:da iyú:da̋:li ije̋: dagwalé:la *à:danv:sgó:’i*,ᏑᏕᏘᏴᏓ ᎢᏳᏓᎵ ᎢᏤ ᏓᏆᎴᎳ ᎠᏓᏅᏍᎪᎢ.,
Mismatched asterisk count: Syllabary(0) vs Phonetic(1),b0cefb0b2dba66b7,cn-app-dictionary.csv,,su:de:tiyv̋:da iyú:da̋:li ije̋: dagwalé:la *à:danv:sgó:’i*,ᏑᏕᏘᏴᏓ ᎢᏳᏓᎵ ᎢᏤ ᏓᏆᎴᎳ ᎠᏓᏅᏍᎪᎢ.,
Odd number of asterisks in Phonetic,c5f93ecc1ab5f18f,cn-app-dictionary.csv,,,,yijadu:lás *ade:lá*di:hdi̋:* dijalv:hwísdà:nhdi̋:’i
Odd number of asterisks in Phonetic,c5f93ecc1ab5f18f,cn-app-dictionary.csv,,,,yijadu:lás *ade:lá*di:hdi̋:* dijalv:hwísdà:nhdi̋:’i
Mismatched asterisk count: Syllabary(0) vs Phonetic(1),525c6261d1c113fb,cn-app-dictionary.csv,,ji:sdú gv:wasvhné:lv́ *gǒ:sdagî:sd*,ᏥᏍᏚ ᎬᏩᏒᏁᎸ ᎪᏍᏓᎩᏍᏗ.,
Zero asterisks in sentence,d40f7dee0b8113fd,cn-app-dictionary.csv,This boy is a Creek Indian.,hi’a achű:ja agű:sa ayv:wiya̋:’i,ᎯᎠ ᎠᏧᏣ ᎠᎫᏌ ᎠᏴᏫᏯᎢ.,
Zero asterisks in sentence,d40f7dee0b8113fd,cn-app-dictionary.csv,This boy is a Creek Indian.,hi’a achű:ja agű:sa ayv:wiya̋:’i,ᎯᎠ ᎠᏧᏣ ᎠᎫᏌ ᎠᏴᏫᏯᎢ.,
Zero asterisks in sentence,871ab4fd59562ff3,cn-app-dictionary.csv,Are you afraid of thunder?,hisgâ:hó:’ís ahyv:dagwalò:sgi,ᎯᏍᎦᎰᎢᏍ ᎠᏴᏓᏆᎶᏍᎩ?,
Mismatched asterisk count: Syllabary(0) vs Phonetic(1),5326dd518b1633b2,cn-app-dictionary.csv,,amǎ:yí e̋:hi *ajǐ:la* ì:gi:hyálù:ga,ᎠᎹᏱ ᎡᎯ ᎠᏥᎳ ᎢᎩᏯᎷᎦ.,
Odd number of asterisks in English,2dfc49747319c444,cn-app-dictionary.csv,,,,*He goes down a long *hill* when he goes after water.
Zero asterisks in sentence,4c2649210ec5c1d6,cn-app-dictionary.csv,He wanted to turn back before he got there.,winú:luhjv̋:nagwu u:ktahv:sdi̋: ù:du:lv:hv̌:’i,ᏫᏄᎷᏨᎾᏊ ᎤᎦᏔᎲᏍᏗ ᎤᏚᎸᎲᎢ.,
Zero asterisks in sentence,4c2649210ec5c1d6,cn-app-dictionary.csv,He wanted to turn back before he got there.,winú:luhjv̋:nagwu u:ktahv:sdi̋: ù:du:lv:hv̌:’i,ᏫᏄᎷᏨᎾᏊ ᎤᎦᏔᎲᏍᏗ ᎤᏚᎸᎲᎢ.,
Zero asterisks in sentence,4c2649210ec5c1d6,cn-app-dictionary.csv,He wanted to turn back before he got there.,winú:luhjv̋:nagwu u:ktahv:sdi̋: ù:du:lv:hv̌:’i,ᏫᏄᎷᏨᎾᏊ ᎤᎦᏔᎲᏍᏗ ᎤᏚᎸᎲᎢ.,
Zero asterisks in sentence,4c2649210ec5c1d6,cn-app-dictionary.csv,He wanted to turn back before he got there.,winú:luhjv̋:nagwu u:ktahv:sdi̋: ù:du:lv:hv̌:’i,ᏫᏄᎷᏨᎾᏊ ᎤᎦᏔᎲᏍᏗ ᎤᏚᎸᎲᎢ.,
Zero asterisks in sentence,4c2649210ec5c1d6,cn-app-dictionary.csv,He wanted to turn back before he got there.,winú:luhjv̋:nagwu u:ktahv:sdi̋: ù:du:lv:hv̌:’i,ᏫᏄᎷᏨᎾᏊ ᎤᎦᏔᎲᏍᏗ ᎤᏚᎸᎲᎢ.,
Zero asterisks in sentence,4c2649210ec5c1d6,cn-app-dictionary.csv,He wanted to turn back before he got there.,winú:luhjv̋:nagwu u:ktahv:sdi̋: ù:du:lv:hv̌:’i,ᏫᏄᎷᏨᎾᏊ ᎤᎦᏔᎲᏍᏗ ᎤᏚᎸᎲᎢ.,
Mismatched asterisk count: Syllabary(0) vs Phonetic(1),f781e3f003207900,cn-app-dictionary.csv,,se:ga:jv̋: *ù:ktv́:le:sv́* usdi̋ u:dlanv́:dv̋:’i,ᏎᎦᏨ ᎤᎦᏛᎴᏒ ᎤᏍᏗ ᎤᏜᏅᏛᎢ.,
Mismatched asterisk count: Syllabary(0) vs Phonetic(1),f781e3f003207900,cn-app-dictionary.csv,,se:ga:jv̋: *ù:ktv́:le:sv́* usdi̋ u:dlanv́:dv̋:’i,ᏎᎦᏨ ᎤᎦᏛᎴᏒ ᎤᏍᏗ ᎤᏜᏅᏛᎢ.,
Mismatched asterisk count: Syllabary(0) vs Phonetic(1),f781e3f003207900,cn-app-dictionary.csv,,se:ga:jv̋: *ù:ktv́:le:sv́* usdi̋ u:dlanv́:dv̋:’i,ᏎᎦᏨ ᎤᎦᏛᎴᏒ ᎤᏍᏗ ᎤᏜᏅᏛᎢ.,
Mismatched asterisk count: Syllabary(0) vs Phonetic(1),f781e3f003207900,cn-app-dictionary.csv,,se:ga:jv̋: *ù:ktv́:le:sv́* usdi̋ u:dlanv́:dv̋:’i,ᏎᎦᏨ ᎤᎦᏛᎴᏒ ᎤᏍᏗ ᎤᏜᏅᏛᎢ.,
Mismatched asterisk count: Syllabary(0) vs Phonetic(1),f781e3f003207900,cn-app-dictionary.csv,,se:ga:jv̋: *ù:ktv́:le:sv́* usdi̋ u:dlanv́:dv̋:’i,ᏎᎦᏨ ᎤᎦᏛᎴᏒ ᎤᏍᏗ ᎤᏜᏅᏛᎢ.,
Mismatched asterisk count: Syllabary(0) vs Phonetic(1),f781e3f003207900,cn-app-dictionary.csv,,se:ga:jv̋: *ù:ktv́:le:sv́* usdi̋ u:dlanv́:dv̋:’i,ᏎᎦᏨ ᎤᎦᏛᎴᏒ ᎤᏍᏗ ᎤᏜᏅᏛᎢ.,
Mismatched asterisk count: Syllabary(0) vs Phonetic(1),84913ef717d5436f,cn-app-dictionary.csv,,áhani aye̋:hli *hale:hv̀:ga*,ᎠᎭᏂ ᎠᏰᏟ ᎭᎴᎲᎦ.,
Zero asterisks in sentence,89632264021f76df,cn-app-dictionary.csv,She has a three hundred dollar ring on her finger.,jo’itsgwa ade:lv̋: ju:gv̋:walhdi alye:su:sto ù:lǐ:yê:su:sga,ᏦᎢᏥᏆ ᎠᏕᎸ ᏧᎬᏩᏟᏗ ᎠᎵᏰᏑᏍᏙ ᎤᎵᏰᏑᏍᏘᎦ.,
Zero asterisks in sentence,89632264021f76df,cn-app-dictionary.csv,She has a three hundred dollar ring on her finger.,jo’itsgwa ade:lv̋: ju:gv̋:walhdi alye:su:sto ù:lǐ:yê:su:sga,ᏦᎢᏥᏆ ᎠᏕᎸ ᏧᎬᏩᏟᏗ ᎠᎵᏰᏑᏍᏙ ᎤᎵᏰᏑᏍᏘᎦ.,
Zero asterisks in sentence,89632264021f76df,cn-app-dictionary.csv,She has a three hundred dollar ring on her finger.,jo’itsgwa ade:lv̋: ju:gv̋:walhdi alye:su:sto ù:lǐ:yê:su:sga,ᏦᎢᏥᏆ ᎠᏕᎸ ᏧᎬᏩᏟᏗ ᎠᎵᏰᏑᏍᏙ ᎤᎵᏰᏑᏍᏘᎦ.,
Zero asterisks in sentence,89632264021f76df,cn-app-dictionary.csv,She has a three hundred dollar ring on her finger.,jo’itsgwa ade:lv̋: ju:gv̋:walhdi alye:su:sto ù:lǐ:yê:su:sga,ᏦᎢᏥᏆ ᎠᏕᎸ ᏧᎬᏩᏟᏗ ᎠᎵᏰᏑᏍᏙ ᎤᎵᏰᏑᏍᏘᎦ.,
Zero asterisks in sentence,89632264021f76df,cn-app-dictionary.csv,She has a three hundred dollar ring on her finger.,jo’itsgwa ade:lv̋: ju:gv̋:walhdi alye:su:sto ù:lǐ:yê:su:sga,ᏦᎢᏥᏆ ᎠᏕᎸ ᏧᎬᏩᏟᏗ ᎠᎵᏰᏑᏍᏙ ᎤᎵᏰᏑᏍᏘᎦ.,
Zero asterisks in sentence,89632264021f76df,cn-app-dictionary.csv,She has a three hundred dollar ring on her finger.,jo’itsgwa ade:lv̋: ju:gv̋:walhdi alye:su:sto ù:lǐ:yê:su:sga,ᏦᎢᏥᏆ ᎠᏕᎸ ᏧᎬᏩᏟᏗ ᎠᎵᏰᏑᏍᏙ ᎤᎵᏰᏑᏍᏘᎦ.,
Zero asterisks in sentence,6f7c53cd6e40ae33,cn-app-dictionary.csv,Are you lying to me?,sgwatsgó:ne:hás,ᏍᏆᏥᎪᏁᎭᏍ?,
Zero asterisks in sentence,6f7c53cd6e40ae33,cn-app-dictionary.csv,Are you lying to me?,sgwatsgó:ne:hás,ᏍᏆᏥᎪᏁᎭᏍ?,
Zero asterisks in sentence,6f7c53cd6e40ae33,cn-app-dictionary.csv,Are you lying to me?,sgwatsgó:ne:hás,ᏍᏆᏥᎪᏁᎭᏍ?,
Zero asterisks in sentence,6f7c53cd6e40ae33,cn-app-dictionary.csv,Are you lying to me?,sgwatsgó:ne:hás,ᏍᏆᏥᎪᏁᎭᏍ?,
Zero asterisks in sentence,6f7c53cd6e40ae33,cn-app-dictionary.csv,Are you lying to me?,sgwatsgó:ne:hás,ᏍᏆᏥᎪᏁᎭᏍ?,
Zero asterisks in sentence,6f7c53cd6e40ae33,cn-app-dictionary.csv,Are you lying to me?,sgwatsgó:ne:hás,ᏍᏆᏥᎪᏁᎭᏍ?,
Mismatched asterisk count: Syllabary(0) vs Phonetic(2),369dd7b66cacbc72,cn-app-dictionary.csv,,*hiyè:gi* à:gò:se̋:la *ù:yé:jv̌:’i*,ᎯᏰᎩ ᎠᎪᏎᎳ‚ ᎤᏰᏨᎢ.,
Mismatched asterisk count: Syllabary(0) vs Phonetic(2),369dd7b66cacbc72,cn-app-dictionary.csv,,*hiyè:gi* à:gò:se̋:la *ù:yé:jv̌:’i*,ᎯᏰᎩ ᎠᎪᏎᎳ‚ ᎤᏰᏨᎢ.,
Mismatched asterisk count: Syllabary(0) vs Phonetic(2),369dd7b66cacbc72,cn-app-dictionary.csv,,*hiyè:gi* à:gò:se̋:la *ù:yé:jv̌:’i*,ᎯᏰᎩ ᎠᎪᏎᎳ‚ ᎤᏰᏨᎢ.,
Mismatched asterisk count: Syllabary(0) vs Phonetic(2),369dd7b66cacbc72,cn-app-dictionary.csv,,*hiyè:gi* à:gò:se̋:la *ù:yé:jv̌:’i*,ᎯᏰᎩ ᎠᎪᏎᎳ‚ ᎤᏰᏨᎢ.,
Mismatched asterisk count: Syllabary(0) vs Phonetic(2),369dd7b66cacbc72,cn-app-dictionary.csv,,*hiyè:gi* à:gò:se̋:la *ù:yé:jv̌:’i*,ᎯᏰᎩ ᎠᎪᏎᎳ‚ ᎤᏰᏨᎢ.,
Mismatched asterisk count: Syllabary(0) vs Phonetic(2),369dd7b66cacbc72,cn-app-dictionary.csv,,*hiyè:gi* à:gò:se̋:la *ù:yé:jv̌:’i*,ᎯᏰᎩ ᎠᎪᏎᎳ‚ ᎤᏰᏨᎢ.,
Zero asterisks in sentence,9434bfa938f8dd40,cn-app-dictionary.csv,He didn’t want to drive a dirty car‚ so he washed it.,hlá yu:dú:lv:hé: ga:da:ha̋ dagwalé:lâ u:hílv̀:sdi̋ nà:sginá iyű:sdi ù:nv:galv:hv̌:’î,Ꮭ ᏳᏚᎸᎮ ᎦᏓᎭ ᏓᏆᎴᎳ ᎤᎯᎸᏍᏗ ᎥᏍᎩᏅ ᎢᏳᏍᏗ ᎤᏅᎦᎸᎲᎢ.,
Mismatched asterisk count: Syllabary(0) vs Phonetic(1),847b2e84e75e14c8,cn-app-dictionary.csv,,*ji:ya:dǒ:lî:gagwu*,ᏥᏯᏙᎵᎦᏊ.,
Mismatched asterisk count: Syllabary(0) vs Phonetic(1),847b2e84e75e14c8,cn-app-dictionary.csv,,*ji:ya:dǒ:lî:gagwu*,ᏥᏯᏙᎵᎦᏊ.,
Mismatched asterisk count: Syllabary(0) vs Phonetic(1),847b2e84e75e14c8,cn-app-dictionary.csv,,*ji:ya:dǒ:lî:gagwu*,ᏥᏯᏙᎵᎦᏊ.,
Mismatched asterisk count: Syllabary(0) vs Phonetic(1),847b2e84e75e14c8,cn-app-dictionary.csv,,*ji:ya:dǒ:lî:gagwu*,ᏥᏯᏙᎵᎦᏊ.,
Mismatched asterisk count: Syllabary(0) vs Phonetic(1),847b2e84e75e14c8,cn-app-dictionary.csv,,*ji:ya:dǒ:lî:gagwu*,ᏥᏯᏙᎵᎦᏊ.,
Mismatched asterisk count: Syllabary(1) vs Phonetic(2),5016029ec62d9727,cn-app-dictionary.csv,,*do:dajílo:né’ì:sv́* ga:yě:wsgí a:sé:hnó: gá:yu:la *ju:lo:ne̋:da* gè:sv̌:’i,*ᏙᏓᏥᎶᏁᎢᏒ* ᎦᏰᏫᏍᎩ ᎠᏎᏅ ᎦᏳᎳ ᏧᎶᏁᏓ ᎨᏒᎢ.,
Mismatched asterisk count: Syllabary(1) vs Phonetic(2),5016029ec62d9727,cn-app-dictionary.csv,,*do:dajílo:né’ì:sv́* ga:yě:wsgí a:sé:hnó: gá:yu:la *ju:lo:ne̋:da* gè:sv̌:’i,*ᏙᏓᏥᎶᏁᎢᏒ* ᎦᏰᏫᏍᎩ ᎠᏎᏅ ᎦᏳᎳ ᏧᎶᏁᏓ ᎨᏒᎢ.,
Mismatched asterisk count: Syllabary(1) vs Phonetic(2),5016029ec62d9727,cn-app-dictionary.csv,,*do:dajílo:né’ì:sv́* ga:yě:wsgí a:sé:hnó: gá:yu:la *ju:lo:ne̋:da* gè:sv̌:’i,*ᏙᏓᏥᎶᏁᎢᏒ* ᎦᏰᏫᏍᎩ ᎠᏎᏅ ᎦᏳᎳ ᏧᎶᏁᏓ ᎨᏒᎢ.,
Mismatched asterisk count: Syllabary(1) vs Phonetic(2),5016029ec62d9727,cn-app-dictionary.csv,,*do:dajílo:né’ì:sv́* ga:yě:wsgí a:sé:hnó: gá:yu:la *ju:lo:ne̋:da* gè:sv̌:’i,*ᏙᏓᏥᎶᏁᎢᏒ* ᎦᏰᏫᏍᎩ ᎠᏎᏅ ᎦᏳᎳ ᏧᎶᏁᏓ ᎨᏒᎢ.,
Mismatched asterisk count: Syllabary(1) vs Phonetic(2),5016029ec62d9727,cn-app-dictionary.csv,,*do:dajílo:né’ì:sv́* ga:yě:wsgí a:sé:hnó: gá:yu:la *ju:lo:ne̋:da* gè:sv̌:’i,*ᏙᏓᏥᎶᏁᎢᏒ* ᎦᏰᏫᏍᎩ ᎠᏎᏅ ᎦᏳᎳ ᏧᎶᏁᏓ ᎨᏒᎢ.,
Mismatched asterisk count: Syllabary(1) vs Phonetic(2),5016029ec62d9727,cn-app-dictionary.csv,,*do:dajílo:né’ì:sv́* ga:yě:wsgí a:sé:hnó: gá:yu:la *ju:lo:ne̋:da* gè:sv̌:’i,*ᏙᏓᏥᎶᏁᎢᏒ* ᎦᏰᏫᏍᎩ ᎠᏎᏅ ᎦᏳᎳ ᏧᎶᏁᏓ ᎨᏒᎢ.,
Zero asterisks in sentence,89efc0b816beb665,cn-app-dictionary.csv,When he rang the bell‚ church services started.,u:halv:na ù:no:hyv̋:tlistana dà:ni:lâ:wì:gv̋: ù:dale:nv:hv̌:’i,ᎤᎭᎸᎾ ᎤᏃᏴᏟᏍᏔᎾ ᏓᏂᎳᏫᎬ ᎤᏓᎴᏅᎲᎢ.,
Zero asterisks in sentence,89efc0b816beb665,cn-app-dictionary.csv,When he rang the bell‚ church services started.,u:halv:na ù:no:hyv̋:tlistana dà:ni:lâ:wì:gv̋: ù:dale:nv:hv̌:’i,ᎤᎭᎸᎾ ᎤᏃᏴᏟᏍᏔᎾ ᏓᏂᎳᏫᎬ ᎤᏓᎴᏅᎲᎢ.,
Zero asterisks in sentence,89efc0b816beb665,cn-app-dictionary.csv,When he rang the bell‚ church services started.,u:halv:na ù:no:hyv̋:tlistana dà:ni:lâ:wì:gv̋: ù:dale:nv:hv̌:’i,ᎤᎭᎸᎾ ᎤᏃᏴᏟᏍᏔᎾ ᏓᏂᎳᏫᎬ ᎤᏓᎴᏅᎲᎢ.,
Zero asterisks in sentence,89efc0b816beb665,cn-app-dictionary.csv,When he rang the bell‚ church services started.,u:halv:na ù:no:hyv̋:tlistana dà:ni:lâ:wì:gv̋: ù:dale:nv:hv̌:’i,ᎤᎭᎸᎾ ᎤᏃᏴᏟᏍᏔᎾ ᏓᏂᎳᏫᎬ ᎤᏓᎴᏅᎲᎢ.,
Zero asterisks in sentence,89efc0b816beb665,cn-app-dictionary.csv,When he rang the bell‚ church services started.,u:halv:na ù:no:hyv̋:tlistana dà:ni:lâ:wì:gv̋: ù:dale:nv:hv̌:’i,ᎤᎭᎸᎾ ᎤᏃᏴᏟᏍᏔᎾ ᏓᏂᎳᏫᎬ ᎤᏓᎴᏅᎲᎢ.,
Zero asterisks in sentence,89efc0b816beb665,cn-app-dictionary.csv,When he rang the bell‚ church services started.,u:halv:na ù:no:hyv̋:tlistana dà:ni:lâ:wì:gv̋: ù:dale:nv:hv̌:’i,ᎤᎭᎸᎾ ᎤᏃᏴᏟᏍᏔᎾ ᏓᏂᎳᏫᎬ ᎤᏓᎴᏅᎲᎢ.,
Mismatched asterisk count: Syllabary(0) vs Phonetic(1),6bf26e4899149498,cn-app-dictionary.csv,,ge:tv̋ *gata* anà:galǐ:sgi ajv̋:sdi,ᎨᏛ ᎦᏔ ᎠᎾᎦᎵᏍᎩ ᎠᏨᏍᏗ.,
Zero asterisks in sentence,6bf26e4899149498,cn-app-dictionary.csv,An electric light is hanging from a pole.,ge:tv̋ gata anà:galǐ:sgi ajv̋:sdi,ᎨᏛ ᎦᏔ ᎠᎾᎦᎵᏍᎩ ᎠᏨᏍᏗ.,
Zero asterisks in sentence,6bf26e4899149498,cn-app-dictionary.csv,An electric light is hanging from a pole.,ge:tv̋ gata anà:galǐ:sgi ajv̋:sdi,ᎨᏛ ᎦᏔ ᎠᎾᎦᎵᏍᎩ ᎠᏨᏍᏗ.,
Mismatched asterisk count: Syllabary(0) vs Phonetic(1),3c2e71c9a5a947ae,cn-app-dictionary.csv,,*gatdi* u:yo:hǔ:si u:hnawo:gi̋:’i,ᎦᏘᏗ ᎤᏲᎱᏏ ᎤᎿᏬᎩᎢ.,
Zero asterisks in sentence,3c2e71c9a5a947ae,cn-app-dictionary.csv,He lost a button from his shirt.,gatdi u:yo:hǔ:si u:hnawo:gi̋:’i,ᎦᏘᏗ ᎤᏲᎱᏏ ᎤᎿᏬᎩᎢ.,
Mismatched asterisk count: Syllabary(0) vs Phonetic(1),cf07d72b87ae5cf9,cn-app-dictionary.csv,,u:nalí:go:sv̋: u:nada:hlő:sa *ù:ne:hluhnv́* analà:sgali̋:sgi,ᎤᎾᎵᎪᏒ ᎤᎾᏓᏠᏌ‚ ᎤᏁᏡᏅ ᎠᎾᎳᏍᎦᎵᏍᎩ.,
Mismatched asterisk count: Syllabary(0) vs Phonetic(1),cf07d72b87ae5cf9,cn-app-dictionary.csv,,u:nalí:go:sv̋: u:nada:hlő:sa *ù:ne:hluhnv́* analà:sgali̋:sgi,ᎤᎾᎵᎪᏒ ᎤᎾᏓᏠᏌ‚ ᎤᏁᏡᏅ ᎠᎾᎳᏍᎦᎵᏍᎩ.,
Mismatched asterisk count: Syllabary(0) vs Phonetic(1),cf07d72b87ae5cf9,cn-app-dictionary.csv,,u:nalí:go:sv̋: u:nada:hlő:sa *ù:ne:hluhnv́* analà:sgali̋:sgi,ᎤᎾᎵᎪᏒ ᎤᎾᏓᏠᏌ‚ ᎤᏁᏡᏅ ᎠᎾᎳᏍᎦᎵᏍᎩ.,
Mismatched asterisk count: Syllabary(0) vs Phonetic(1),cf07d72b87ae5cf9,cn-app-dictionary.csv,,u:nalí:go:sv̋: u:nada:hlő:sa *ù:ne:hluhnv́* analà:sgali̋:sgi,ᎤᎾᎵᎪᏒ ᎤᎾᏓᏠᏌ‚ ᎤᏁᏡᏅ ᎠᎾᎳᏍᎦᎵᏍᎩ.,
Mismatched asterisk count: Syllabary(0) vs Phonetic(1),cf07d72b87ae5cf9,cn-app-dictionary.csv,,u:nalí:go:sv̋: u:nada:hlő:sa *ù:ne:hluhnv́* analà:sgali̋:sgi,ᎤᎾᎵᎪᏒ ᎤᎾᏓᏠᏌ‚ ᎤᏁᏡᏅ ᎠᎾᎳᏍᎦᎵᏍᎩ.,
Mismatched asterisk count: Syllabary(0) vs Phonetic(1),6fcb0f71ab854c76,cn-app-dictionary.csv,,gá:gò: nidayú:nv:nv̋: *go:hwe:li * hinagi,ᎦᎪ ᏂᏓᏳᏅᏅ ᎪᏪᎵ ᎯᎾᎩ?,
Mismatched asterisk count: Syllabary(0) vs Phonetic(1),6fcb0f71ab854c76,cn-app-dictionary.csv,,gá:gò: nidayú:nv:nv̋: *go:hwe:li * hinagi,ᎦᎪ ᏂᏓᏳᏅᏅ ᎪᏪᎵ ᎯᎾᎩ?,
Mismatched asterisk count: Syllabary(0) vs Phonetic(1),9d30d2c10e0bc3a9,cn-app-dictionary.csv,,*gu:lé* dà:ni:gî:sgó:’i salǒ:li,ᎫᎴ ᏓᏂᎩᏍᎪᎢ ᏌᎶᎵ.,
Mismatched asterisk count: Syllabary(0) vs Phonetic(1),2ba2588afdb91ebc,cn-app-dictionary.csv,,*hlè:sdi* yijané:gù:jé:sdi,ᏞᏍᏗ ᏱᏣᏁᎫᏤᏍᏗ.,
Zero asterisks in sentence,43b0e932c462b2ed,cn-app-dictionary.csv,How many years was he gone?,hilá: ijú:de:tiyv̋:da ù:hne:lá’dé’i,ᎯᎳ ᎢᏧᏕᏘᏴᏓ ᎤᏁᎳᏕᎢ?,
Zero asterisks in sentence,a5351ebf0d20e8d3,cn-app-dictionary.csv,They always put paper into the fire.,nigo:hí:lv̋: digo:hwe:li dà:nhdv́’vsgó go:tv̋:’i,ᏂᎪᎯᎸ ᏗᎪᏪᎵ ᏓᏅᏛᎥᏍᎪ ᎪᏛᎢ.,
Zero asterisks in sentence,a5351ebf0d20e8d3,cn-app-dictionary.csv,They always put paper into the fire.,nigo:hí:lv̋: digo:hwe:li dà:nhdv́’vsgó go:tv̋:’i,ᏂᎪᎯᎸ ᏗᎪᏪᎵ ᏓᏅᏛᎥᏍᎪ ᎪᏛᎢ.,
Zero asterisks in sentence,a5351ebf0d20e8d3,cn-app-dictionary.csv,They always put paper into the fire.,nigo:hí:lv̋: digo:hwe:li dà:nhdv́’vsgó go:tv̋:’i,ᏂᎪᎯᎸ ᏗᎪᏪᎵ ᏓᏅᏛᎥᏍᎪ ᎪᏛᎢ.,
Zero asterisks in sentence,a5351ebf0d20e8d3,cn-app-dictionary.csv,They always put paper into the fire.,nigo:hí:lv̋: digo:hwe:li dà:nhdv́’vsgó go:tv̋:’i,ᏂᎪᎯᎸ ᏗᎪᏪᎵ ᏓᏅᏛᎥᏍᎪ ᎪᏛᎢ.,
Zero asterisks in sentence,a5351ebf0d20e8d3,cn-app-dictionary.csv,They always put paper into the fire.,nigo:hí:lv̋: digo:hwe:li dà:nhdv́’vsgó go:tv̋:’i,ᏂᎪᎯᎸ ᏗᎪᏪᎵ ᏓᏅᏛᎥᏍᎪ ᎪᏛᎢ.,
Zero asterisks in sentence,a5351ebf0d20e8d3,cn-app-dictionary.csv,They always put paper into the fire.,nigo:hí:lv̋: digo:hwe:li dà:nhdv́’vsgó go:tv̋:’i,ᏂᎪᎯᎸ ᏗᎪᏪᎵ ᏓᏅᏛᎥᏍᎪ ᎪᏛᎢ.,
Mismatched asterisk count: Syllabary(0) vs Phonetic(1),1e1fff6baa4a2466,cn-app-dictionary.csv,,hi’a hawi:ya *ő:sda* ágì:sdi,ᎯᎠ ᎭᏫᏯ ᎣᏍᏓ ᎠᎩᏍᏗ.,
Odd number of asterisks in Phonetic,6e49ecb8a8a026ce,cn-app-dictionary.csv,,,,dagwalé:la ù:hv̋: *u:hlő:yi* à*gwadu:lǐ:ha
Zero asterisks in sentence,6e49ecb8a8a026ce,cn-app-dictionary.csv,I want the same kind of car he has.,dagwalé:la ù:hv̋: u:hlő:yi à:gwadu:lǐ:ha,ᏓᏆᎴᎳ ᎤᎲ ᎤᏠᏱ ᎠᏆᏚᎵᎭ.,
Zero asterisks in sentence,c5a0fc061d15bfc9,cn-app-dictionary.csv,What’s sticking out of your pocket?,gado u:sdi ù:ksata jadla:wádv̋:’i,ᎦᏙ ᎤᏍᏗ ᎤᎦᏌᏔ ᏣᏜᏩᏛᎢ?,
Zero asterisks in sentence,c5a0fc061d15bfc9,cn-app-dictionary.csv,What’s sticking out of your pocket?,gado u:sdi ù:ksata jadla:wádv̋:’i,ᎦᏙ ᎤᏍᏗ ᎤᎦᏌᏔ ᏣᏜᏩᏛᎢ?,
Zero asterisks in sentence,c5a0fc061d15bfc9,cn-app-dictionary.csv,What’s sticking out of your pocket?,gado u:sdi ù:ksata jadla:wádv̋:’i,ᎦᏙ ᎤᏍᏗ ᎤᎦᏌᏔ ᏣᏜᏩᏛᎢ?,
Zero asterisks in sentence,c5a0fc061d15bfc9,cn-app-dictionary.csv,What’s sticking out of your pocket?,gado u:sdi ù:ksata jadla:wádv̋:’i,ᎦᏙ ᎤᏍᏗ ᎤᎦᏌᏔ ᏣᏜᏩᏛᎢ?,
Zero asterisks in sentence,c5a0fc061d15bfc9,cn-app-dictionary.csv,What’s sticking out of your pocket?,gado u:sdi ù:ksata jadla:wádv̋:’i,ᎦᏙ ᎤᏍᏗ ᎤᎦᏌᏔ ᏣᏜᏩᏛᎢ?,
Zero asterisks in sentence,c5a0fc061d15bfc9,cn-app-dictionary.csv,What’s sticking out of your pocket?,gado u:sdi ù:ksata jadla:wádv̋:’i,ᎦᏙ ᎤᏍᏗ ᎤᎦᏌᏔ ᏣᏜᏩᏛᎢ?,
Zero asterisks in sentence,f27e8241b0c22a48,cn-app-dictionary.csv,Those ball players are wearing new caps.,ná analà:sgali̋:sgi di:je̋: dù:nalsdú:la,Ꮎ ᎠᎾᎳᏍᎦᎵᏍᎩ ᏗᏤ ᏚᎾᎵᏍᏚᎳ.,
Zero asterisks in sentence,0134dc7f8c5141a9,cn-app-dictionary.csv,She bought six water glasses.,sǔ:dáli iga̋: ama jű:dlì:sdohdi ju:lv̋:sada dù:hwasv́:’i,ᏑᏓᎵ ᎢᎦ ᎠᎹ ᏧᏟᏍᏙᏗ ᏧᎸᏌᏗ ᏚᏩᏒᎢ.,
Mismatched asterisk count: Syllabary(0) vs Phonetic(1),920e949c79443017,cn-app-dictionary.csv,,hilá: iyv̋: *datsv́:hli*,ᎯᎳ ᎢᏴ ᏓᏣᏒᏟ?,
Mismatched asterisk count: Syllabary(0) vs Phonetic(1),920e949c79443017,cn-app-dictionary.csv,,hilá: iyv̋: *datsv́:hli*,ᎯᎳ ᎢᏴ ᏓᏣᏒᏟ?,
Mismatched asterisk count: Syllabary(0) vs Phonetic(1),920e949c79443017,cn-app-dictionary.csv,,hilá: iyv̋: *datsv́:hli*,ᎯᎳ ᎢᏴ ᏓᏣᏒᏟ?,
Mismatched asterisk count: Syllabary(0) vs Phonetic(1),920e949c79443017,cn-app-dictionary.csv,,hilá: iyv̋: *datsv́:hli*,ᎯᎳ ᎢᏴ ᏓᏣᏒᏟ?,
Mismatched asterisk count: Syllabary(0) vs Phonetic(1),920e949c79443017,cn-app-dictionary.csv,,hilá: iyv̋: *datsv́:hli*,ᎯᎳ ᎢᏴ ᏓᏣᏒᏟ?,
Mismatched asterisk count: Syllabary(0) vs Phonetic(1),920e949c79443017,cn-app-dictionary.csv,,hilá: iyv̋: *datsv́:hli*,ᎯᎳ ᎢᏴ ᏓᏣᏒᏟ?,
Zero asterisks in sentence,12ac4b94638fc558,cn-app-dictionary.csv,She’s cooking liver.,uwe:la gv:hnisdiha,ᎤᏪᎳ ᎬᏂᏍᏗᎭ.,
Zero asterisks in sentence,3108d31a34a27a3c,cn-app-dictionary.csv,He has an old heating stove.,uwe̋:ti o:sí aga:nawo:hisdi̋:’i ù:ha,ᎤᏪᏘ ᎣᏏ ᎠᎦᎾᏬᎯᏍᏗᎢ ᎤᎭ.,
Zero asterisks in sentence,70458192b59642b3,cn-app-dictionary.csv,I couldn’t cross the river because it was too swift.,à:ginu:lv́:hnv́: di:gi:sohísdi̋: uwé:yv̋:’i sdà:yi gano:hu:gí:sgv̋: iyű:sdi,ᎠᎩᏄᎸᏅ ᏗᎩᏐᎯᏍᏗ ᎤᏪᏴᎢ ᏍᏓᏱ ᎦᏃᎱᎩᏍᎬ ᎢᏳᏍᏗ.,
Zero asterisks in sentence,9087789f1f8ef164,cn-app-dictionary.csv,He greeted him with his hand.,uwò:ye̋:ni gv̋hdi ù:yǒ:lî:lv̌:’i,ᎤᏬᏰᏂ ᎬᏗ ᎤᏲᎵᎸᎢ.,
Zero asterisks in sentence,42ed33dfa3c3df1a,cn-app-dictionary.csv,I see something furry.,go:hű:sdi u:wű:yati ji:gò:wahtiha,ᎪᏍᏗ ᎤᏭᏯᏘ ᏥᎪᏩᏘᎭ.,
Mismatched asterisk count: Syllabary(0) vs Phonetic(1),b067a8f7851cbce8,cn-app-dictionary.csv,,*wanige̋:* akwsdó uwhdohdí ul:v̌:kwdi,ᏩᏂᎨ ᎠᏆᏍᏙ ᎤᏮᏙᏗ ᎤᎸᏉᏗ.,
Zero asterisks in sentence,fd67a6ba8a102431,lily-dict.csv,...,...,...,
Zero asterisks in sentence,dd34239e0df8014e,lily-dict.csv,"The first foundation was jasper; the second, sapphire; the third, a chalcedony; the fourth, an emerald","igvyi gagusdav tsasqua gesvgi, talinehno saquaya, tsoinehno galisidoni, nvginehno emila","Revelation 21:19 ᎢᎬᏱᏱ ᎦᎫᏍᏓᎥ ᏣᏍᏆ ᎨᏒᎩ, ᏔᎵᏁᏃ ᏌᏆᏯ, ᏦᎢᏁᏃ ᎦᎵᏏᏙᏂ, ᏅᎩᏁᏃ ᎡᎻᎳ",
Zero asterisks in sentence,c513dce1fba818de,lily-dict.csv,"The first foundation was jasper; the second, sapphire; the third, a chalcedony; the fourth, an emerald","igvyi gagusdav tsasqua gesvgi, talinehno saquaya, tsoinehno galisidoni, nvginehno emila","Revelation 21:19 ᎢᎬᏱᏱ ᎦᎫᏍᏓᎥ ᏣᏍᏆ ᎨᏒᎩ, ᏔᎵᏁᏃ ᏌᏆᏯ, ᏦᎢᏁᏃ ᎦᎵᏏᏙᏂ, ᏅᎩᏁᏃ ᎡᎻᎳ",
Zero asterisks in sentence,7901ceb182b5bf5a,lily-dict.csv,"A bishop then must be blameless, the husband of one wife, vigilant, sober, of good behaviour, given to hospitality, apt to teach;","atsigatidisdi adina ase gohusdi nasganvna gesesdi, saquoquo adabehesdi, geyatahi, ulisinahisdi, osdv tsulvwisdanehi, tsudadanilvtsati, digvwadeyodi","1Timothy: 3:2 ᎠᏥᎦᏘᏗᏍᏗ ᎠᏗᎾ ᎠᏎ ᎪᎱᏍᏗ ᎾᏍᎦᏅᎾ ᎨᏎᏍᏗ, ᏌᏉᏉ ᎠᏓᏰᎮᏍᏗ, ᎨᏯᏔᎯ, ᎤᎵᏏᎾᎯᏍᏗ, ᎣᏍᏛ ᏧᎸᏫᏍᏓᏁᎯ, ᏧᏓᏓᏂᎸᏣᏘ, ᏗᎬᏩᏕᏲᏗ;",
Zero asterisks in sentence,9a7fcdabb6d89524,lily-dict.csv,"the eighth, beryl",tsunelinehno queli,"Revelation 21:20 ᏧᏁᎵᏁᏃ ᏇᎵ,",
Zero asterisks in sentence,4e1c34f0d0cbe13a,lily-dict.csv,"The first foundation was jasper; the second, sapphire; the third, a chalcedony; the fourth, an emerald","igvyi gagusdav tsasqua gesvgi, talinehno saquaya, tsoinehno galisidoni, nvginehno emila","Revelation 21:19 ᎢᎬᏱᏱ ᎦᎫᏍᏓᎥ ᏣᏍᏆ ᎨᏒᎩ, ᏔᎵᏁᏃ ᏌᏆᏯ, ᏦᎢᏁᏃ ᎦᎵᏏᏙᏂ, ᏅᎩᏁᏃ ᎡᎻᎳ",
Zero asterisks in sentence,4774d161e80c1a37,lily-dict.csv,[CONSTITUTION OF THE CHEROKEE NATION 1999],"[Tsalagihi Ayehli Gagusdvdi, 1999]","[ᏣᎳᎩᎯ ᎠᏰᎵ ᎦᎫᏍᏛᏗ, 1999]",
Zero asterisks in sentence,a670f06a18695dcf,lily-dict.csv,[Chamberlain's 1888 Cherokee Picture Book],[Chamberlain's 1888 Cherokee Picture Book],[Chamberlain's 1888 Cherokee Picture Book],
Zero asterisks in sentence,999cfbfe31e76bc8,lily-dict.csv,And round about the throne were four and twenty seats...,Ale gvwaduwidv nahna gasgilv nvgitsone degawohv disgiladisdi...,ᎠᎴ ᎬᏩᏚᏫᏛ ᎾᎿ ᎦᏍᎩᎸ ᏅᎩᏦᏁ ᏕᎦᎧᎲ ᏗᏍᎩᎳᏗᏍᏗ...,
Zero asterisks in sentence,999cfbfe31e76bc8,lily-dict.csv,[Revelation 4:4],[Tsani nusdv atsinalvgowiselvi 4:4],[ᏣᏂ ᏄᏍᏛ ᎠᏥᎾᏄᎪᏫᏎᎸᎢ 4:4],
Zero asterisks in sentence,c5800fdffd4917fb,lily-dict.csv,[Chamberlain's 1888 Cherokee Picture Book],[Chamberlain's 1888 Cherokee Picture Book],[Chamberlain's 1888 Cherokee Picture Book],
Zero asterisks in sentence,39c1a2476fe1de8a,lily-dict.csv,[Beginning Cherokee],[Beginning Cherokee],[Beginning Cherokee],
Zero asterisks in sentence,ce4a612177c3a224,lily-dict.csv,Let's you and I have coffee.,Kahwi inadita.,ᎧᏫ ᎢᎾᏗᏔ.,
Zero asterisks in sentence,60c18bfa12f04c36,lily-dict.csv,,,dị²go²sdv³ni¹sdi,
Zero asterisks in sentence,8d26ac29fe643232,lily-dict.csv,You can start immediately,Hvlegwu yidalena,ᎲᎴᏊ ᏱᏓᎴᎾ,
Mismatched asterisk count: Syllabary(1) vs Phonetic(0),796a91524f05dfe7,lily-dict.csv,,[King pg 110],ᏓᎨᎯ *ᎠᏧᏣ* ᎩᎵ.,
Mismatched asterisk count: Syllabary(1) vs Phonetic(0),6d9e51bcdea74971,lily-dict.csv,,[ᏧᏁᎶᏗ ᏚᏂᎩᏒᏒᎢ],… ᎠᎴ ᎢᏴᏛᎭ *ᎠᏓᏙᎵᏍᏗᏍᎬᎩ*.,
Mismatched asterisk count: Syllabary(1) vs Phonetic(0),6f112001cc96a8bd,lily-dict.csv,,[ᎷᎦ 5:24],ᎾᎿ ᎠᏥᎸᎨᎳᏍᏗᏱ ᎯᎯᏯᏍᎨᏍᏗ *ᏣᏓᏁᏗ* ᎠᎴ ᎭᏓᏅᏍᎨᏍᏗ …,
Mismatched asterisk count: Syllabary(1) vs Phonetic(0),c98e6bb1f61eb391,lily-dict.csv,,[ᏧᏁᎶᏗ ᏚᏂᎩᏒᏒᎢ],… ᎠᎴ ᎾᏍᎩ ᏂᎯ *ᏣᏓᏅᏖᏗ* ᎪᎦ ᎢᏳᏍᏗ ᎨᏒᎢ …,
Mismatched asterisk count: Syllabary(1) vs Phonetic(0),3ebb8ab8504078d0,lily-dict.csv,,[ᎠᏥᎾᏄᎪᏫᏎᎸᎢ 15:2],ᎠᎴ ᎠᎩᎪᎲᎩ ᎥᏓᎸ *ᎠᏓᎨᏗ* ᏗᎬᏩᎸᏌᏛ ᎾᏍᎩᏯᎢ ᎠᏥᎸ ᎤᏓᏑᏱ ᎨᏒᎩ …,
Mismatched asterisk count: Syllabary(1) vs Phonetic(0),8af45d32c5e862dd,lily-dict.csv,,[King pg 117],"ᎠᏍᎦᏯ, ᏄᏍᎦᏎᏅᎾ *ᏥᏭᏓᎾᏫᏛᎮᎢ*.",
Mismatched asterisk count: Syllabary(1) vs Phonetic(0),68c07ba808c51250,lily-dict.csv,,[ᏧᏁᎶᏗ ᏚᏂᎩᏒᏒᎢ],ᎢᎬᏱᏱᏉᏃ *ᎠᏓᏁᎸ* ᏫᎷᏥᎸ ᎾᏍᎩ ᎦᏁᎸ.,
Mismatched asterisk count: Syllabary(1) vs Phonetic(0),186f362d1c115aa4,lily-dict.csv,,[ᎼᏏ ᎢᎬᏱᏱ 12:1],"… ᎯᏄᎪᎢ ᏣᏤᎵᎪᎯ ᎨᏒᎢ, ᎠᎴ ᏣᎪᏏ ᎨᏒ ᎩᏯᏓᏅᏏ, *ᎠᎴ ᏣᏙᏓ ᎦᏁᎸ ᎭᏓᏅᎾ* …",
Mismatched asterisk count: Syllabary(1) vs Phonetic(0),a6c5269d0d865a29,lily-dict.csv,,[ᏣᎳᎩ ᏔᎵᏁ ᏗᏂᏂᏙᎯ ᏗᏕᏲᏙᏗ],ᎯᏍᎩᏁ: ᏑᎨᏓ ᏭᏂᏝᏁ *ᎠᏓᏍᏓᏴᏗ*.,
Mismatched asterisk count: Syllabary(1) vs Phonetic(0),12a4ac6adc68b946,lily-dict.csv,,[ᏧᏁᎶᏗ ᏚᏂᎩᏒᏒᎢ],"… ᏧᏁᎶᏗ *ᎤᏓᏛᏛᏅᎩ* ᎯᎠ ᏄᏪᏒᎩ, ᏝᏍᎪ ᎨᏍᎩᏰᏅᏕᏍᏗ ᏱᎩ ᎯᎠ ᎦᎨᏛ ᏥᎦᎵᏎᎭ ᎤᏛᏅᎩ …",
Mismatched asterisk count: Syllabary(1) vs Phonetic(0),b6d26db0e5e149e0,lily-dict.csv,,[ᏣᎳᎩ ᏔᎵᏁ ᏗᏂᏂᏙᎯ ᏗᏕᏲᏙᏗ],ᎧᎹᎹ *ᎠᏓᏬᎠ* ᎥᏓᎵ.,
Mismatched asterisk count: Syllabary(1) vs Phonetic(0),0bf9b562ae4a8c65,lily-dict.csv,,[ᎹᏚ 8:2],ᎠᎴ ᎬᏂᏳᏉ *ᎠᏓᏰᏍᎩ ᎤᏢᎩ* ᎤᎷᏤ ᎤᏓᏙᎵᏍᏓᏁᎴᎢ …,
Mismatched asterisk count: Syllabary(1) vs Phonetic(0),2eae53af0a818447,lily-dict.csv,,[ᏔᎵᏁ ᏗᎹᏗ 3:7],"ᎾᏍᎩ ᏂᎪᎯᎸ *ᎠᎾᏕᎶᏆᏍᎪᎢ*, ᎠᏎᏃ ᎥᏝ ᎢᎸᎯᏳ ᏱᏩᏂᏰᎢᎶᎯᎰ ᏚᏳᎪᏛ ᎠᎦᏙᎥᎯᏍᏗ ᎨᏒᎢ.",
Mismatched asterisk count: Syllabary(1) vs Phonetic(0),27324e24d51cd4bf,lily-dict.csv,,[ᏧᏁᎶᏗ ᏚᏂᎩᏒᏒᎢ],ᎠᎴ ᎤᎪᎲᏉ ᎤᎴᏅᎲ *ᎠᏕᎰᏍᎬᎢ*.,
Mismatched asterisk count: Syllabary(1) vs Phonetic(0),7187ceafafec407e,lily-dict.csv,,[ᏣᏂ 9:34],… ᏅᎲᎢ ᎠᏍᎦᏂ ᎨᏒ *ᏣᏕᏅᎩ* …,
Mismatched asterisk count: Syllabary(1) vs Phonetic(0),4ea06330a3bc9eaa,lily-dict.csv,,[ᏧᏁᎶᏗ ᏚᏂᎩᏒᏒᎢ],… ᎥᏝ ᎠᏏ ᎦᏙ ᏱᎬᏩᏍᏗ ᎤᏟ ᎤᎾᏰᎯᏍᏗ ᎠᎴ *ᎤᏕᏯᏙᏗ* ᎦᎶᎯᏍᏗᏱ ᏱᎦᎩ ᎾᏍᎩ ᎯᎠ ᎠᏂ ᏨᏗᏣᏎᎮᎸ …,
Mismatched asterisk count: Syllabary(1) vs Phonetic(0),ce0c9a4779944423,lily-dict.csv,,[ᏧᏁᎶᏗ ᏚᏂᎩᏒᏒᎢ],"… ᎯᎠᏃ ᏄᏪᏒᎩ, Ꭷ, ᎰᏩᏉ, *ᎦᏕᎶᎣᏍᎦᏍᎩᏂ* ᎠᏂ ᎪᏪᎵ ᏣᏆᏒᎦᏔ.",
Mismatched asterisk count: Syllabary(1) vs Phonetic(0),88617c510708b111,lily-dict.csv,,[ᏧᏁᎶᏗ ᏚᏂᎩᏒᏒᎢ],"ᎤᏙᎯᏳᎯᏯ, *ᎤᏛᏅ* ᏧᏁᎶᏗ, ᎥᏝ ᏱᏥᎦᏔᎭ.",
Mismatched asterisk count: Syllabary(1) vs Phonetic(0),60d390596630343f,lily-dict.csv,,[ᎼᏏ ᎢᎬᏱᏱ 24:18],"ᎯᎠᏃ ᏄᏪᏎᎢ, *ᎭᏗᏔ* ᏣᎬᏫᏳᎯ ᎠᏆᏤᎵᎦ; …",
Mismatched asterisk count: Syllabary(1) vs Phonetic(0),4e6eee0d4d978010,lily-dict.csv,,[King pg 122],“*ᎢᏣᏙᎴᏆᏍᎨᏍᏗ* ᏗᏓᏅᏬ ᏅᏬᏗ …,
Mismatched asterisk count: Syllabary(1) vs Phonetic(0),6772710d14600c3c,lily-dict.csv,,[ᎼᏏ ᎢᎬᏱᏱ 38:25],"… ᎠᎴ ᎯᎠ ᏄᏪᏎᎢ, ᎭᏙᎴᎰᎯ, ᎦᎪ ᏧᏤᎵᎦ ᎯᎠ, ᎠᎵᏰᏑᏍᏚᏬ ᎠᏐᎥᏍᏙᏗ, ᎠᎴ ᎪᎸᏌᏛᏗ, ᎠᎴ *ᎠᏙᎳᏅᏍᏗ*.",
Mismatched asterisk count: Syllabary(1) vs Phonetic(0),0524131e2eb37782,lily-dict.csv,,[ᎶᎻ 7:9],"… ᎠᏍᎦᏂ *ᎤᏛᏂᏛᎩ*, ᎠᏴᏃ ᎠᎩᏲᎱᏒᎩ.",
Mismatched asterisk count: Syllabary(1) vs Phonetic(0),5875c5634bfb28e2,lily-dict.csv,,[ᎼᏏ ᎢᎬᏱᏱ],"… ᏗᏇᏅᏒ ᏔᏘᏄᎦ ᎯᎠ ᎠᏂᏍᎦᏯ, ᎠᎴ ᏘᎷᎦ ᎠᎴ *ᎭᏛᏅᎢᏍᏓ* …",
Mismatched asterisk count: Syllabary(1) vs Phonetic(0),efa8e8cfe76ef7c0,lily-dict.csv,,[ᏣᎳᎩ ᏔᎵᏁ ᏗᏂᏂᏙᎯ ᏗᏕᏲᏙᏗ],… ᏃᏊᎴ *ᎤᎦᎵᏍᎬ* ᎠᎧᏲᏗᏍᎪᎢ ᎠᎹ.,
Mismatched asterisk count: Syllabary(1) vs Phonetic(0),01b1fb79744ff4fc,lily-dict.csv,,[ᎠᏥᎾᏄᎪᏫᏎᎸᎢ 5:11],"ᎯᎠᏃ ᎾᏂᎥᎩ, ᎠᏍᎪᎯ ᎢᏯᎦᏴᎵ ᎤᎶᏏᎶᏛ ᎠᏍᎪᎯ ᎢᏯᎦᏴᎵ, ᎠᎴ *ᎠᎦᏴᎵ* ᎤᎦᏴᎳᏥᎶᏛ.",
Mismatched asterisk count: Syllabary(1) vs Phonetic(0),94197c7fcd4758ac,lily-dict.csv,,[ᎷᎦ 1:7],… ᎠᎴ ᎢᏧᎳ ᎿᏉ *ᎠᏂᎦᏴᎵᎨ* ᎨᏎᎢ.,
Mismatched asterisk count: Syllabary(1) vs Phonetic(0),60be8684a3b7b1e4,lily-dict.csv,,[King pg 121],ᏍᎩᏉᏃ *ᎠᎨᏯ* ᎠᏥᎯᎮᎢ.,
Mismatched asterisk count: Syllabary(1) vs Phonetic(0),9edb1644c290a2b4,lily-dict.csv,,[ᏣᏂ 21:13],"ᏥᏌ ᎤᎷᏨᎩ *ᎤᎩᏒᎩ* ᎦᏚ ᎠᎴ ᏚᏁᎸᎩ, ᎠᎴ ᎾᏍᏉ ᎠᏣᏗ ᏚᏅᏁᎸᎩ.",
Mismatched asterisk count: Syllabary(1) vs Phonetic(0),9aaf1106d7d47ed9,lily-dict.csv,,[ᎼᏏ ᎢᎬᏱᏱ 2:17],"ᎾᏍᎩᏂ ᎤᏓᏔᏅᎯ ᏥᏡᎦ ᎠᎦᏙᎥᎯᏍᏗ ᎣᏍᏛ ᎨᏒᎢ ᎠᎴ ᎤᏲ ᎨᏒᎢ, ᎥᏝ *ᏣᎩᏍᏗ* ᏱᎨᏎᏍᏗ, ᎾᎯᏳᏰᏃ ᎢᎦ ᎯᎬᎭ ᎤᏙᎯᏳᏒ ᏣᏲᎱᎯᏍᏗ ᎨᏎᏍᏗ.",
Mismatched asterisk count: Syllabary(1) vs Phonetic(0),6f0f94803f5ff3b4,lily-dict.csv,,[ᎼᏏ ᎢᎬᏱᏱ 33:11],*ᎯᎩ* ᎬᏁᎸᎯ ᎾᏍᎩ ᏥᏪᏣᏲᎮᎸ …,
Mismatched asterisk count: Syllabary(1) vs Phonetic(0),c261448cdc5114ed,lily-dict.csv,,[ᏔᎵᏁ ᏗᎹᏗ 1:12],ᎾᏍᎩ ᎾᏍᏉ ᏅᏗᎦᎵᏍᏙᏗᎭ ᎯᎠ ᎾᏍᎩ ᏧᏓᎴᏅᏛ *ᏥᎩᎵᏲᎦ*; ᎠᏎᏃ ᎥᏝ ᏱᎦᏕᎣᏍᎦ; …,
Mismatched asterisk count: Syllabary(1) vs Phonetic(0),88f39707633c1b5c,lily-dict.csv,,[ᎠᏥᎾᏄᎪᏫᏎᎸᎢ 8:7],… ᎠᎴ ᏂᎦᏛ ᎢᏤ ᎧᏁᏍᎦ *ᎤᎪᏅᎩ*.,
Mismatched asterisk count: Syllabary(1) vs Phonetic(0),b6f544b215e20205,lily-dict.csv,,[ᎠᏥᎾᏄᎪᏫᏎᎸᎢ 18:18],ᎠᎴ ᎤᏁᎷᏅᎩ ᎢᏳᏃ ᎤᏂᎪᎲ ᏚᎦᏒᏍᏛ ᎾᏍᎩ *ᎠᎪᎲᏍᎬᎢ* …,
Mismatched asterisk count: Syllabary(1) vs Phonetic(0),b4c5b64100c3cbe9,lily-dict.csv,,[ᏧᏁᎶᏗ ᏚᏂᎩᏒᏒᎢ],… *ᎤᎪᎵᏰᎥᏃ* ᎿᏉ ᏚᏠᏱᎸ ᎠᎴ ᎤᏪᎾᏮᎩ;,
Mismatched asterisk count: Syllabary(1) vs Phonetic(0),8f08d3b35fa9d7cf,lily-dict.csv,,[ᎢᎬᏱᏱ ᏗᎹᏗ 5:14],ᎦᏳᎳᏰᏃ ᎢᎦᏛ *ᎤᎾᎪᎸᏒ* ᏎᏓᏂ ᎤᎾᏍᏓᏩᏕᏅ.,
Mismatched asterisk count: Syllabary(1) vs Phonetic(0),06d0ee569f1d2105,lily-dict.csv,,[ᎢᎬᏱᏱ ᎨᎪᏪᎳᏁᎸᎯ 11:34],"ᎾᏍᎩᏃ ᎢᏳ ᎩᎶ *ᎠᎪᎾ* ᎤᏲᏏᏍᎨᏍᏗ, ᏧᏪᏅᏒ ᎠᎵᏍᏓᏴᎲᏍᎨᏍᏗ; …",
Mismatched asterisk count: Syllabary(1) vs Phonetic(0),a8f6263a19d448a7,lily-dict.csv,,[ᏧᏁᎶᏗ ᏚᏂᎩᏒᏒᎢ],"ᎥᎥ, ᎣᏏ *ᏥᎪᏩᏘᎭ*.",
Mismatched asterisk count: Syllabary(1) vs Phonetic(0),8b120594e66c8c40,lily-dict.csv,,[ᎹᏚ 17:15],… ᎠᏥᎸᏱ ᎬᏛᎪᎢ ᎠᎴ *ᎠᎹᏱ ᎠᎬᎪᎢ*.,
Mismatched asterisk count: Syllabary(1) vs Phonetic(0),c81ac0ddec5707b8,lily-dict.csv,,[ᎹᏚ 6:17],"ᏂᎯᏍᎩᏂ ᎠᎹᏟ ᎲᏍᎨᏍᏗ, ᎭᏠᏁᏍᎨᏍᏗ, ᎠᎴ *ᎭᎬᏍᏉᏍᎨᏍᏗ*,",
Mismatched asterisk count: Syllabary(1) vs Phonetic(0),54a6d4bd2e61f8e4,lily-dict.csv,,[ᏣᎳᎩ ᏔᎵᏁ ᏗᏂᏂᏙᎯ ᏗᏕᏲᏙᏗ],*ᎠᎬᏱ* ᎤᎦᏔ ᎤᏂᏫᏎ.,
Mismatched asterisk count: Syllabary(2) vs Phonetic(0),9711756b1b7f75c5,lily-dict.csv,,[ᎼᏏ ᎢᎬᏱᏱ 22:9],"… ᎠᎴ *ᎠᏓ* ᎣᏍᏛ ᏚᏝᏕᎢ, ᎠᎴ ᎤᎸᎴ ᎤᏪᏥ ᎡᏏᎩ, ᎠᎴ ᎠᏥᎸ ᎨᎳᏍᏗᏱ ᎤᏢᏁᎢ, *ᎠᏓ* ᏕᎠᏢ ᎦᏚᎢ.",
Mismatched asterisk count: Syllabary(1) vs Phonetic(0),2e21bd3435cab93c,lily-dict.csv,,[ᎨᏥᏅᏏᏛ ᏄᎾᏛᏁᎵᏙᎸᎢ 10:13],"ᎠᏥᏁᏤᎴᏃ ᎯᎠ ᏅᏗᎠᏥᏪᏎᎴᎢ; ᏈᏓ, ᏔᎴᎲᎦ, *ᎯᎷᎦ* ᎠᎴ ᎭᎵᏍᏓᏴᎲᎦ, ᎠᎪᏎᎴᎢ.",
Mismatched asterisk count: Syllabary(1) vs Phonetic(0),05b9c93547936d7f,lily-dict.csv,,[ᎨᏥᏅᏏᏛ ᏄᎾᏛᏁᎵᏙᎸᎢ 7:26],ᎤᎩᏨᏛᏃ ᏚᎾᏄᎪᏤᎴ *ᎠᎾᎵᎲᎢ* …,
Mismatched asterisk count: Syllabary(1) vs Phonetic(0),b1acbd31577f6958,lily-dict.csv,,[ᏧᏁᎶᏗ ᏚᏂᎩᏒᏒᎢ],"ᏧᏁᎶᏗ ᎠᎴ ᎤᏬᎯᏳᎯᏍᏛ *ᎠᎾᎵᏃᎮᏔᏂᏐ* ᎠᎾᎢᏒ ᎢᎾᎨᎢ, ᎯᎠ ᏄᏂᏪᏒ.",
Mismatched asterisk count: Syllabary(1) vs Phonetic(0),37ca28e560da03d6,lily-dict.csv,,[ᎨᏥᏅᏏᏛ ᏄᎾᏛᏁᎵᏙᎸᎢ 22:29],… ᎠᎴ ᏅᏓᎦᎵᏍᏙᏗᏍᎬᎩ ᎾᏍᎩ *ᎤᎸᎸᎢ*.,
Mismatched asterisk count: Syllabary(1) vs Phonetic(0),799ea1088d9fe4c7,lily-dict.csv,,[ᎪᎵᏂᏗᏱ ᎢᎬᏱᏱ 3:14],"ᎢᏳᏃ ᎩᎶ ᏚᎸᏫᏍᏓᏁᎸ ᏱᏁᎬᏩᏍᏗᏉ ᎾᎿ *ᎤᏁᏍᎨᎲᎢ*, ᎾᏍᎩ ᎠᎦᎫᏴᎡᏗ ᎨᏎᏍᏗ.",
Mismatched asterisk count: Syllabary(1) vs Phonetic(0),5622537a1e258b2e,lily-dict.csv,,[ᎪᎵᏂᏗᏱ ᎢᎬᏱᏱ 10:7],"… ᏴᏫ ᎤᎾᏅᏅᎩ ᏛᎾᎵᏍᏓᏴᏂᏒᎩ ᎠᎴ ᏛᎾᏗᏔᎯᏒᎩ, ᏚᎾᎴᏅᎩ *ᎤᎾᏁᏦᏅᎩ*.",
Mismatched asterisk count: Syllabary(2) vs Phonetic(0),b54b2f3198a419c0,lily-dict.csv,,[ᎹᏚ 15:11],"ᎥᏝᏍᎩᏂ ᎾᏍᎩ Ꮎ *ᎠᎰᎵ* ᏭᏴᎸᎯ ᎦᏓᎭ ᏱᏄᏩᏁᎰ ᏴᏫ, *ᎠᎰᎵᏍᎩᏂ* ᏅᏓᏳᏄᎪᏨᎯ ᎾᏍᎩ ᎦᏓᎭ ᏄᏩᏁᎰ ᏴᏫ.",
Mismatched asterisk count: Syllabary(1) vs Phonetic(0),2075fe76dfebcc23,lily-dict.csv,,[ᏧᏁᎶᏗ ᏚᏂᎩᏒᏒᎢ],"ᎾᏉᏃ ᏮᎤᏨᏒᎩ, ᎠᏴᏃ ᎡᏍᎦ ᏛᎩᎶᏒᎩ; ᏄᏬᎯᏳᎯᏒᎾ *ᎤᏍᏓᏩᏛᏒᎩ*, ᎠᏴᏃ ᎠᏂ ᎦᎶᎯᏍᏗ ᏙᏛᏊᎪᏔᏅᎩ.",
Mismatched asterisk count: Syllabary(1) vs Phonetic(0),149360b464fff4a3,lily-dict.csv,,[King pg 112],ᏚᏯ ᏃᎴ ᏎᎷ *ᏓᏍᏗᎩᎠ*.,
Mismatched asterisk count: Syllabary(1) vs Phonetic(0),82157168600e643a,lily-dict.csv,,[ᎹᏚ 5:30],"ᎢᏳᏃ ᏦᏰᏂ ᎯᎦᏘᏏ ᏕᏦᏕᏍᏗᏍᎨᏍᏗ, *ᎯᏍᏆᎵᏍᎨᏍᏗ*, ᎠᎴ ᏣᏕᎨᏍᏗ …",
Mismatched asterisk count: Syllabary(1) vs Phonetic(0),3f7f25ebfde08fa8,lily-dict.csv,,[ᏣᏂ 17:15],ᎥᏝ ᎡᎶᎯ ᏗᎧᎲᏍᏗᏱ *ᏱᏥᏔᏲᎯᎭ* …,
Mismatched asterisk count: Syllabary(1) vs Phonetic(0),5d3d3bb941e77f43,lily-dict.csv,,[ᏥᎻ 1:5],"ᎢᏳᏃ ᎩᎶ ᏂᎯ ᎢᏤᎲ ᎠᎦᏙᎥᎯᏍᏗ ᎨᏒ ᎤᏂᎬᎨᏍᏗ, ᎤᏁᎳᏅᎯ *ᎠᏔᏲᏎᎮᏍᏗ*, …",
Mismatched asterisk count: Syllabary(1) vs Phonetic(0),89abb71e57b59c11,lily-dict.csv,,[ᎨᏥᏅᏏᏛ ᏄᎾᏛᏁᎵᏙᎸᎢ 23:32],"ᎤᎩᏨᏛᏃ ᏧᎾᎩᎸᏗ *ᎤᎾᏘᏅᏍᏗ* ᏄᏅᏁᎸ, ᎠᏂᏯᏫᏍᎩ ᎤᎾᏨᏒᎩ, ᏗᏐᏴ ᏭᏂᎶᏒᎩ.",
Mismatched asterisk count: Syllabary(1) vs Phonetic(0),667220fa5f441ee4,lily-dict.csv,,[ᎼᏏ ᎢᎬᏱᏱ 31:27],"… ᎾᏍᎩ ᎣᏍᏛ ᎢᎦᏓᏅᏛ ᎬᏯᏂᎩᏍᏙᏗᏱ, ᏗᎧᏃᎩᏛ ᎬᏗ, ᎠᎴ *ᎠᎱᎵ* ᎢᏳᏍᏗ ᎬᏗ, ᎠᎴ ᎠᏏᎳᏕᏫᏛ ᏗᎧᏃᎩᏍᏙᏗ ᎬᏗ?",
Mismatched asterisk count: Syllabary(1) vs Phonetic(0),9a74e4fc9d475ed5,lily-dict.csv,,[ᎷᎦ 21:3],"ᎯᎠᏃ ᏄᏪᏎᎢ, ᎤᏙᎯᏳᎯᏯ ᎢᏨᏲᏎᎭ, ᎯᎠ ᎾᏍᎩ ᎤᏲ ᎢᏳᏛᎿᏕᎩ ᎤᏬᏑᎶᏨᎯ ᎤᏟ ᎢᎦᎢ *ᎠᎲᎦ* ᎡᏍᎦᏉ ᏂᎦᏛ ᎠᏂᏐᎢ.",
Mismatched asterisk count: Syllabary(1) vs Phonetic(0),5c80fb631a2ad3ad,lily-dict.csv,,[ᎷᎦ 13:7],"… ᎿᏉ ᏦᎢ ᎾᏕᏘᏴ ᏥᎷᎬᎩ ᎠᎩᏲᎲᎩ ᎤᏓᏔᏅᎯ ᎯᎠ ᎾᏍᎩ ᎡᎦᏔᎢᏳᏍᏗ ᏡᎬᎢ, ᎠᎴ *ᎥᏝ ᏱᏥᏩᏘᎭ*; ᎯᎴᏴᏍᏓ; ᎦᏙᏃ ᎢᎤᎨᏗ ᎦᏙᎯ?",
Mismatched asterisk count: Syllabary(1) vs Phonetic(0),5ede7f097b6d51fb,lily-dict.csv,,[ᏣᎳᎩ ᏔᎵᏁ ᏗᏂᏂᏙᎯ ᏗᏕᏲᏙᏗ],ᎡᏥ ᏲᎾ ᎤᏪᏅᏎ *ᎠᏫ* ᏤᏙᎲᎢ. “ᎯᎪᏩᏘᎭᏍ ᎠᎩᎧᎲ ᏲᎾ ᎠᏓ?”,
Mismatched asterisk count: Syllabary(2) vs Phonetic(0),db65f35559d7db9a,lily-dict.csv,,[ᎹᎦ 4:14],ᎾᏍᎩ *ᎠᏫᏍᎩ* ᎧᏃᎮᏛ *ᎠᏫᏍᎪᎢ*.,
Mismatched asterisk count: Syllabary(1) vs Phonetic(0),7cc6b25cc7f3a478,lily-dict.csv,,[ᎹᏚ 6:22],… ᏂᎬ *ᎯᏰᎸᎢ* ᎤᎧᎵᏦᏅᎯ ᎨᏎᏍᏗ ᎢᎦᎦᏘ.,
Mismatched asterisk count: Syllabary(1) vs Phonetic(0),db2615625f166c56,lily-dict.csv,,[ᏧᏁᎶᏗ ᏚᏂᎩᏒᏒᎢ],ᎠᏎᏃ *ᏕᏥᏰᏌᏛ* ᏓᎩᏍᏚᏓᏅ ᏗᏥᎴᏂ.,
Mismatched asterisk count: Syllabary(1) vs Phonetic(0),38c234fa0e23809a,lily-dict.csv,,[ᏣᏂ 19:39],"… *ᎤᏲᎸᎩ* ᏗᏜᏍᏔᏅᎯ ᎻᎳ ᎡᎳᏫᏃ, ᎠᏍᎪᎯᏧᏈ ᎢᏴᏛ ᎢᏳᏓᎨᏛ.",
Mismatched asterisk count: Syllabary(1) vs Phonetic(0),02c74ac58be5751d,lily-dict.csv,,[ᎹᎦ 3:17],"… ᎠᎴ ᎾᏍᎩ ᏉᎠᎾᏥ ᏚᏬᎡᎢ, ᎾᏍᎩ *ᎠᏴᏓᏆᎶᏍᎩ* ᏧᏪᏥ ᎦᏛᎦ;",
Mismatched asterisk count: Syllabary(1) vs Phonetic(0),02dc3e00938151fc,lily-dict.csv,,[ᏧᏁᎶᏗ ᏚᏂᎩᏒᏒᎢ],ᎢᎾᎨ *ᎠᎢᏒᎩ*.,
Mismatched asterisk count: Syllabary(1) vs Phonetic(0),8e314e7738d541db,lily-dict.csv,,[ᏣᎳᎩ ᏔᎵᏁ ᏗᏂᏂᏙᎯ ᏗᏕᏲᏙᏗ],… ᏃᏊᎴ ᎤᎦᎵᏍᎬ *ᎠᎧᏲᏗᏍᎪᎢ* ᎠᎹ.,
Mismatched asterisk count: Syllabary(1) vs Phonetic(0),c687864e9081f410,lily-dict.csv,,[ᎨᎴᏏᏱ 5:14],"ᏂᎦᎥᏰᏃ ᏗᎧᎿᏩᏛᏍᏗ ᏚᎵᏁᏨ ᏌᏉᏉ ᎢᎧᏁᏨᎯ *ᎠᎧᎵᎢᎭ*, ᎯᎠᏉ ᎾᏍᎩ, ᎾᎥ ᎢᏗᏍᏓᏓᎳ ᎯᎨᏳᏎᏍᏗ ᎾᏍᎩᏯ ᏨᏒ ᏂᏣᏓᎨᏳᏒᎢ.",
Mismatched asterisk count: Syllabary(1) vs Phonetic(0),1ed0f91c87ed1f7e,lily-dict.csv,,[ᎼᏏ ᎢᎬᏱᏱ 38:7],"ᎥᎵᏃ, ᏧᏓ ᎢᎬᏱ ᎡᎯ ᎤᏪᏥ ᎠᏍᎦᎾᎯᏳ ᎨᏎ ᏱᎰᏩ *ᏓᎧᏅᎢ*; ᏱᎰᏩᏃ ᎤᎴᎢ.",
Mismatched asterisk count: Syllabary(1) vs Phonetic(0),7db359ffea24c34b,lily-dict.csv,,[King pg 110],*ᎠᏂᎨᎯ* ᎠᏧᏣ ᎩᎵ.,
Mismatched asterisk count: Syllabary(1) vs Phonetic(0),38bea45c5509e162,lily-dict.csv,,[ᏣᏂ 12:14],"ᏥᏌᏃ ᎤᏩᏛᎲ ᎠᎩᎾ ᏐᏈᎵ-ᏗᎦᎵᎠᏅᎯᏛ, *ᎤᎩᎸᏅᎩ*, ᎾᏍᎩᏯ ᎯᎠ ᏥᏂᎬᏅ ᏥᎪᏪᎳ;",
Mismatched asterisk count: Syllabary(1) vs Phonetic(0),70bd7e022bd8f5f5,lily-dict.csv,,[ᎹᏚ 23:24],ᏗᏥᎨᏫ ᏗᏣᏓᏘᏂᏙᎯ! ᏙᏒ ᎢᏥᎿᏐᎸᏍᏗᏍᎩ ᎨᎻᎵᏃ *ᎢᏥᎩᏍᎩ*.,
Mismatched asterisk count: Syllabary(1) vs Phonetic(0),c0ec315e2710146a,lily-dict.csv,,[ᏧᏁᎶᏗ ᏚᏂᎩᏒᏒᎢ],"ᎤᏙᎯᏳᎯᏯ, ᎤᏛᏅ ᏧᏁᎶᏗ, *ᎥᏝ ᏱᏥᎦᏔᎭ*.",
Mismatched asterisk count: Syllabary(1) vs Phonetic(0),ce50c9bf9bd5d44d,lily-dict.csv,,[ᏣᏂ 20:14],"ᎾᏍᎩᏃ ᏄᏪᏒ *ᎤᎦᏔᎲᏒᎩ*; ᎠᎴ ᎤᎪᎲᎩ ᏥᏌ ᎦᏙᎬᎩ, ᎠᎴ ᎥᏝ ᏳᏬᎵᏤ ᏥᏌ ᎨᏒᎢ.",
Mismatched asterisk count: Syllabary(1) vs Phonetic(0),f29120c4c0be6e72,lily-dict.csv,,[ᎼᏏ ᎢᎬᏱᏱ 4:9],"ᏱᎰᏩᏃ ᎯᎠ ᏄᏪᏎᎴ ᎨᏂ, ᎭᏢ ᎡᏣᏅᏟ ᎡᏈᎵ? ᎯᎠᏃ ᏄᏪᏎᎢ, Ꮭ ᏱᏥᎦᏔᎭ: ᏥᎪ ᎠᏴ ᎥᎩᏅᏟ *ᏥᎦᏘᏯ*?",
Mismatched asterisk count: Syllabary(1) vs Phonetic(0),64aac0d9e226c390,lily-dict.csv,,[ᏧᏁᎶᏗ ᏚᏂᎩᏒᏒᎢ],*ᏗᎦᏙᎵ* ᎦᎸᎳᏗ ᏧᏫᏓᎧᏃ ᎾᏍᎩᏯ ᏂᏚᏩᏅᎩ.,
Mismatched asterisk count: Syllabary(1) vs Phonetic(0),bd16883c24fa7a80,lily-dict.csv,,[ᏧᏁᎶᏗ ᏚᏂᎩᏒᏒᎢ],ᏥᎪ ᏣᏓᎵᎢ *ᎠᎴ* ᏗᏤᏥ ᎠᏁᎭ?,
Mismatched asterisk count: Syllabary(1) vs Phonetic(0),31e6e36db376fe0d,lily-dict.csv,,[ᏣᏂ 2:11],"ᎾᏍᎩ ᎯᎠ *ᎤᎴᏅᏔᏅᎩ* ᏥᏌ ᎤᏍᏆᏂᎪᏗ ᏚᎸᏫᏍᏓᏁᎸᎩ ᎨᎵᎵ ᎨᏂ ᎦᏚᎲᎢ, …",
Mismatched asterisk count: Syllabary(1) vs Phonetic(0),30d0aac19fd84b39,lily-dict.csv,,[ᎶᎻ 1:8],"ᎢᎬᏱᏱ ᎨᏒᎢ, *ᏥᏯᎵᎡᎵᏤᎭ* ᎠᏆᏁᎳᏅᎯ ᎬᏗᎭ ᏚᏙᎥ ᏥᏌ ᎦᎶᏁᏛ …",
Mismatched asterisk count: Syllabary(1) vs Phonetic(0),4d9d6adee102a7c4,lily-dict.csv,,[ᏧᏁᎶᏗ ᏚᏂᎩᏒᏒᎢ],ᎾᏍᎩᏃ ᎤᏭᏖᏒᎩ ᎠᎴ *ᎤᎵᎮᎵᏨᎩ* …,
Mismatched asterisk count: Syllabary(1) vs Phonetic(0),19babeb0f693c347,lily-dict.csv,,[ᎠᏂᏈᎷ 10:33],… ᎢᎸᎯᏳᏃ *ᏕᏣᎵᎪᏁᎸ* ᎾᏍᎩ ᎢᎨᎬᏁᎸᎯ.,
Mismatched asterisk count: Syllabary(1) vs Phonetic(0),f35044c42c77d2ec,lily-dict.csv,,[ᏧᏁᎶᏗ ᏚᏂᎩᏒᏒᎢ],"ᎥᏝ ᏰᎵ ᎬᏆᏓᏅᏩᏗᏍᏗ ᏱᎩ, ᏂᎦᎵᏍᏙᏗ ᎯᎠ ᎦᎨᏗᏳ *ᏥᎦᎵᏎᎭ*.",
Mismatched asterisk count: Syllabary(1) vs Phonetic(0),d6e632e7acdc801b,lily-dict.csv,,[ᎹᏚ 13:26],ᎿᏉᏃ *ᎤᎵᏰᏅ* ᎠᎴ ᎤᎦᏔᏔᏅ ᎾᏍᏉ ᎤᏲ ᎤᎾᏄᎪᏤᎢ.,
Mismatched asterisk count: Syllabary(1) vs Phonetic(0),588452538fb14496,lily-dict.csv,,[King pg 72],ᎩᎵ *ᏧᎶᏕᎸᎩ*.,
Mismatched asterisk count: Syllabary(2) vs Phonetic(0),7c8e71b0c6e667ec,lily-dict.csv,,[ᎼᏏ ᎢᎬᏱᏱ 24:33],"ᎿᏉᏃ ᎠᏥᏝᏁᎴ *ᎤᎵᏍᏓᏴᏗ*; ᎠᏎᏃ ᎯᎠ ᏄᏪᏎᎢ, *ᎥᏝ ᏴᎦᎦᎵᏍᏓᏴᎲᎦ* ᎬᏂ ᏥᏃᏅᎭ ᏄᏍᏛ ᎠᎩᏃᎮᏗ ᎨᏒᎢ …",
Mismatched asterisk count: Syllabary(1) vs Phonetic(0),3570e431ba90d218,lily-dict.csv,,[King pg 110],ᎠᏂᎨᏯ *ᎠᎾᎵᏍᎩᎠ*.,
Mismatched asterisk count: Syllabary(1) vs Phonetic(0),66b4eedd4d0e0683,lily-dict.csv,,[ᎹᏚ 9:35],… ᎠᎴ *ᎠᎵᏥᏙᎲᏍᎬᎩ* ᎣᏍᏛ ᎧᏃᎮᏛ …,
Mismatched asterisk count: Syllabary(1) vs Phonetic(0),b4b436895a130e49,lily-dict.csv,,[ᎶᎻ 10:14],… ᎠᎴ ᎦᏙ ᏱᎦᎵᏍᏙᏓ ᏯᎾᏛᎬᎦ ᎩᎶ *ᎠᎵᏥᏙᎲᏍᎩ* ᏄᏁᎲᎾ ᏱᎩ?,
Mismatched asterisk count: Syllabary(1) vs Phonetic(0),b5076d10c6ffd386,lily-dict.csv,,[ᏣᏂ 9:6],ᎾᏍᎩ ᏄᏪᏒ ᎦᏙᎯ *ᎤᎵᏥᏍᏋᎩ* …,
Mismatched asterisk count: Syllabary(1) vs Phonetic(0),8b456886c4ca0f3b,lily-dict.csv,,[ᎼᏏ ᎢᎬᏱᏱ 26:19],… ᎠᎴ ᎾᎿ ᎤᏂᏩᏛᎮ ᎠᎹ *ᎦᏄᎪᎬᎢ*.,
Mismatched asterisk count: Syllabary(2) vs Phonetic(0),694b311f3a323754,lily-dict.csv,,[ᎹᎦ 9:49],"ᎾᏂᎥᏰᏃ ᎠᏥᎸ ᎬᏗ ‾*ᎠᎹ* ᎨᏥᏅᏝᏰᏗ ᎨᏎᏍᏗ, ᎠᎴ ᏂᎦᎥ ᎠᏥᎸᎨᎳᏍᏗ ‾*ᎠᎹ* ᎦᏅᎵᏰᏗ ᎨᏎᏍᏗ.",
Mismatched asterisk count: Syllabary(1) vs Phonetic(0),e1e5a16e59d97f1f,lily-dict.csv,,[ᏧᏁᎶᏗ ᏚᏂᎩᏒᏒᎢ],ᏔᎵᏁᏃ ᏨᎯᎪᎥᎩ ᎠᏛ *ᎠᎹ* ᏧᏍᏚᏢᎩ.,
Mismatched asterisk count: Syllabary(1) vs Phonetic(0),23caddb7d272fcef,lily-dict.csv,,[ᎠᏥᎾᏄᎪᏫᏎᎸᎢ 8:5],"… ᎠᎴ ᎤᏴᏓᏆᎶᎥᎩ, ᎠᎴ *ᎠᎾᎦᎵᏍᎬᎩ*, ᎠᎴ ᎡᎶᎯ ᎤᎵᏖᎸᏅᎩ.",
Mismatched asterisk count: Syllabary(1) vs Phonetic(0),45c2bcd0d0831d23,lily-dict.csv,,[ᎹᏚ 28:3],ᏗᎧᏃᏗᏱ *ᎠᎾᎦᎵᏍᎩ* ᎾᏍᎩᏯ ᎨᏎᎢ …,
Mismatched asterisk count: Syllabary(2) vs Phonetic(0),355874c218219191,lily-dict.csv,,[ᏣᎳᎩ ᏅᎩᏁ ᏗᏂᏂᏙᎯ ᏗᏕᏲᏙᏗ],"ᎤᎶᎩᎸ ᏑᏓᎵ *ᎠᏂ* ᏚᎨᎢ, ᏔᎵᏚ ᏚᎯᏰ. ᎭᎳᎢᎦ ᎨᏎ ᏂᎦᏓ *ᎠᏂ*?",
Mismatched asterisk count: Syllabary(1) vs Phonetic(0),79e06ef06f1a435c,lily-dict.csv,,[ᏣᏂ 8:6],ᎾᏍᎩ ᎯᎠ ᏄᏂᏪᏒᎩ *ᎠᏂᏌᏛᎥᏍᎬᎩ* …,
Mismatched asterisk count: Syllabary(1) vs Phonetic(0),1f320eb6748628e9,lily-dict.csv,,[ᎼᏏ ᎢᎬᏱᏱ 41:44],"… ᏇᎵᏲ ᎠᏴ, ᎠᎴ ᏂᎯ ᏂᏣᏁᏨᎾ ᎥᏝ ᎩᎶ *ᎤᏌᎳᏙᏗ* ᏱᎨᏎᏍᏗ ᎤᏬᏰᏂ ᎠᎴ ᎤᎳᏏᏕᏂ ᏂᎬᎾᏛ ᎢᏥᏈᏱ.",
Mismatched asterisk count: Syllabary(1) vs Phonetic(0),5b25999bba9d9924,lily-dict.csv,,[ᎠᏥᎾᏄᎪᏫᏎᎸᎢ 10:5],"… ᎠᎴ ᎦᏙᎯ ᏧᏔᏏᏅᎯ, ᎦᎸᎳᏗ ᎢᏗᏢ *ᎤᏌᎳᏓᏅᎩ* ᎤᏬᏰᏂ,",
Mismatched asterisk count: Syllabary(1) vs Phonetic(0),edbabc6fc93516ea,lily-dict.csv,,[ᏧᏁᎶᏗ ᏚᏂᎩᏒᏒᎢ],ᎦᎾᏰᎯᏍᏗᏍᎩᏂ ᎨᏒ *ᎠᏍᏓᏱᏳ* ᎠᎩᎨᎯᏒᎩ …,
Mismatched asterisk count: Syllabary(1) vs Phonetic(0),f506c4e8fd1ec970,lily-dict.csv,,[ᎨᏥᏅᏏᏛ ᏄᎾᏛᏁᎵᏙᎸᎢ 24:9],"ᎠᏂᏧᏏᏃ ᎾᏍᏉ *ᎤᏂᏍᏓᏱᏛᎩ*, ᎤᏙᎯᏳᎯ ᎾᏍᎩ ᏄᏍᏗ, ᎤᎾᏛᏅᎩ.",
Mismatched asterisk count: Syllabary(1) vs Phonetic(0),7547681bd11d10a5,lily-dict.csv,,[ᎶᎻ 9:18],… ᎠᎴ ᎩᎶ ᏥᏍᏓᏱᏓ ᎡᎳ *ᎠᏍᏓᏱᏗᏍᎪᎢ*.,
Mismatched asterisk count: Syllabary(1) vs Phonetic(0),987029c8e34cbbf3,lily-dict.csv,,[ᏧᏁᎶᏗ ᏚᏂᎩᏒᏒᎢ],"ᎠᏍᎦᏯ ᎤᎷᏤᎸᎩ, *ᎠᏓᏍᏕᎵᏍᎩ* ᏧᏙᎢᏛ …",
Mismatched asterisk count: Syllabary(1) vs Phonetic(0),f1d3740325d63884,lily-dict.csv,,[Spade/Walker 1966],*ᏚᏍᏗᏰᏔᏅᎢ* Ꮎ ᏓᎦᏏ ᎤᎾᏠᎯᏍᏗ.,
Mismatched asterisk count: Syllabary(1) vs Phonetic(0),e78850333c95ca7f,lily-dict.csv,,[ᎹᏚ 24:41],"ᎠᏂᏔᎵ ᎠᏂᎨᏴ *ᎠᏂᏍᏙᏍᎨᏍᏗ ᎠᏍᏙᏍᎩᏱ*, ᎠᏏᏴᏫ ᎠᏥᏯᏅᏗ ᎨᏎᏍᏗ ᏐᎢᏃ ᎠᏥᎧᎯᏯᏍᏗ ᎨᏎᏍᏗ.",
Mismatched asterisk count: Syllabary(1) vs Phonetic(0),1df495a6f6e45513,lily-dict.csv,,[ᎠᏥᎾᏄᎪᏫᏎᎸᎢ 22:10],… ᏞᏍᏗ *ᏣᏍᏚᏅᎩ* ᎧᏃᎮᏛ ᎠᏙᎴᎰᏒᎯ ᎠᏂ ᎯᎠ ᎪᏪᎵᎯ …,
Mismatched asterisk count: Syllabary(1) vs Phonetic(0),956a9a90167da00b,lily-dict.csv,,[ᎹᏚ 19:1],… ᏧᏗᏱ *ᎠᏍᏛ* ᏭᎷᏨᎩ ᏦᏓᏂ ᎠᏍᎪᏂᏗᏢ.,
Mismatched asterisk count: Syllabary(1) vs Phonetic(0),0e1f5aa8370a488f,lily-dict.csv,,[ᎼᏏ ᎢᎬᏱᏱ 1:2],… ᎤᎵᏏᎩᏃ ᎤᏭᏝᎡ *ᎠᏍᏛᎩ* …,
Mismatched asterisk count: Syllabary(1) vs Phonetic(0),c0615c3b74adf9c0,lily-dict.csv,,[ᏧᏁᎶᏗ ᏚᏂᎩᏒᏒᎢ],ᎠᎵᏣᏙᏂᏙᎯ ᏧᏙᎢᏛ *ᎠᏆᏎᎮᎸ* …,
Mismatched asterisk count: Syllabary(1) vs Phonetic(0),6ffc040111a45d8d,lily-dict.csv,,[ᎼᏏ ᎢᎬᏱᏱ 41:49],… ᏫᎬᏩᏑᎵᎪᏤ *ᎠᏎᎯᎲᎢ*; ᎥᏝᏰᏃ ᎬᏎᎰᎲᏍᏗ ᏱᎨᏎᎢ.,
Mismatched asterisk count: Syllabary(1) vs Phonetic(0),789e832bb919efd8,lily-dict.csv,,[ᏧᏁᎶᏗ ᏚᏂᎩᏒᏒᎢ],*ᎠᏎᏃ* ᎪᎯᏉ ᎨᏒ ᏂᎦᏛ ᎤᏚᎵᎭ.,
Mismatched asterisk count: Syllabary(1) vs Phonetic(0),34927e60eec34938,lily-dict.csv,,[ᏧᏁᎶᏗ ᏚᏂᎩᏒᏒᎢ],"ᎠᎴ ᎠᎵ ᎬᏩᎰᏅᎯ ᎦᏙᎪᎢ, ᎠᎴ ᎤᏪᎾᏫᏍᎪ *ᎠᏍᎦᎢᎲᎢ*.",
Mismatched asterisk count: Syllabary(1) vs Phonetic(0),e6edc87dabb44cc4,lily-dict.csv,,[ᏧᏁᎶᏗ ᏚᏂᎩᏒᏒᎢ],ᏰᎵᏉᏍᎪᏃᏅ *ᎠᎩᏍᎦᏅᏨ* ᎦᏴᎩᏙᎵᏍᏗ?,
Mismatched asterisk count: Syllabary(1) vs Phonetic(0),6a9a44104dcb0449,lily-dict.csv,,[ᏧᏁᎶᏗ ᏚᏂᎩᏒᏒᎢ],ᎯᎠᏃ ᏄᏪᏒ *ᎠᏍᎦᏯ*.,
Mismatched asterisk count: Syllabary(1) vs Phonetic(0),cc17a1b66a07bcaf,lily-dict.csv,,[ᎹᏚ 4:1],… *ᎠᏍᎩᎾ* ᎤᎪᎵᏰᏗᏱ ᎠᏰᎸᏎᎢ.,
Mismatched asterisk count: Syllabary(1) vs Phonetic(0),245376e8beced7e8,lily-dict.csv,,[ᏧᏁᎶᏍᏗ ᏚᏂᎩᏒᏒᎢ - ᎠᏁᏢᏗᏍᎩ],… ᎠᎴ ᎠᎵᏍᏚᎶ ᎠᏕᎸ ᏓᎶᏂᎨᏍᏛᎭ *ᎠᏍᎪᎵ* ᎦᎸᎳᏗᏢ ᏥᎦᏔ …,
Mismatched asterisk count: Syllabary(1) vs Phonetic(0),1ed767f3d46ba965,lily-dict.csv,,[ᏧᏁᎶᏗ ᏚᏂᎩᏒᏒᎢ],"ᎠᏕᏗᏱᏍᎩᏂ, ᎠᏲᎩ, ᎠᎴ ᎠᎦᏓᎯᏲᎩ, ᎠᎴ *ᎠᏍᎪᎸᎩ* ᏂᎨᏒᎾ …",
Mismatched asterisk count: Syllabary(1) vs Phonetic(0),4a4a3619c176b44e,lily-dict.csv,,[ᎼᏏ ᎢᎬᏱᏱ 26:32],"… ᎠᎴ ᎬᏩᏃᏁᎴ ᎠᎹ ᎠᏢᏗᏱ *ᎤᎾᏍᎪᏒ* ᎤᎬᏩᎵ, ᎠᎴ ᎯᎠ ᏂᎬᏩᏪᏎᎴᎢ, ᎠᎹ ᎣᏥᏁᏩᏛ.",
Mismatched asterisk count: Syllabary(1) vs Phonetic(0),c97a9587b398e582,lily-dict.csv,,[ᏣᏂ 20:27],… ᎠᎴ ᎡᏍᎦ ᎡᏅᎦ ᏦᏰᏂ *ᏥᏍᏆᎨᏂ* ᏩᏐᎾᏓ …,
Mismatched asterisk count: Syllabary(1) vs Phonetic(0),bd0f52ab27ff3d1e,lily-dict.csv,,[ᏧᏁᎶᏗ ᏚᏂᎩᏒᏒᎢ],ᎾᏍᎩᏃ ᎯᎠ ᏂᏚᏪᏎᎸ ᎪᎱᏍᏗ ᏧᏩᎿ *ᎤᏂᏍᏆᏂᎪᏒᎩ* …,
Mismatched asterisk count: Syllabary(1) vs Phonetic(0),d2a2058dcfd7dbdb,lily-dict.csv,,[ᎷᎦ 20:23],"ᎠᏎᏃ ᎤᏙᎴᎰᏎ *ᎠᏂᏏᎾᏌᏅᎬᎢ*, ᎠᎴ ᎯᎠ ᏂᏚᏪᏎᎴᎢ, ᎦᏙᏃ ᎢᏍᎩᏌᏛᎥᏍᎦ?",
Mismatched asterisk count: Syllabary(1) vs Phonetic(0),528ab31b4219c256,lily-dict.csv,,[ᎼᏏ ᎢᎬᏱᏱ 18:6],"… ᏄᎳ ᎭᏛᏅᎢᏍᏓ ᏦᎢ ᎢᏯᏟᎶᎥᎯ ᏩᎾᎨ ᎢᏒ; *ᎭᏑᎬᎵ*, ᎠᎴ ᏘᏃᏢᏛᎦ.",
Mismatched asterisk count: Syllabary(1) vs Phonetic(0),55dec7b9298b081f,lily-dict.csv,,[ᎷᎦ 8:47],… ᎠᏂᎦᏔᎲ ᎤᏃᏁᎴ ᏅᏧᎵᏍᏙᏔᏅ *ᎤᏒᏂᎸᎢ* …,
Mismatched asterisk count: Syllabary(2) vs Phonetic(0),e63bb60baf36d38a,lily-dict.csv,,[ᎼᏏ ᎢᎬᏱᏱ 13:8],"… ᏞᏍᏗᏉ *ᎩᎾᏘᏲᎸᎩ* ᎠᏴ, ᎠᎴ ᎦᎾᏝᎢ ᏗᎨᎩᏂᎦᏘᏕᎯ ᏞᏍᏗ *ᎤᎾᏘᏲᎸᎩ*; ᏗᎾᏓᏅᏟᏉᏰᏃ.",
Mismatched asterisk count: Syllabary(1) vs Phonetic(0),7ef887bf40985859,lily-dict.csv,,[ᎼᏏ ᎢᎬᏱᏱ 1:26],… ᎾᏍᎩᏃ ᎤᏂᎬᏫᏳᎯ ᎨᏎᏍᏗ *ᎠᏣᏗ* ᎠᎺᏉᎯ ᎠᏁᎲᎢ …,
Mismatched asterisk count: Syllabary(1) vs Phonetic(0),d910048b4a0076ad,lily-dict.csv,,[ᎹᎦ 2:4],"ᎬᏲᏎᎭ, ᏔᎴᎲᎦ, ᎠᎴ ᎯᎾᎩ *ᏣᏤᏍᏙ*, ᎠᎴ ᏗᏤᏅᏒ ᏫᎶᎯ.",
Mismatched asterisk count: Syllabary(1) vs Phonetic(0),f2d59369b33fb307,lily-dict.csv,,[King pg 114],*ᎠᏥᎳᏃ* ᎬᏗ ᏧᎳᏍᎩ ᎬᏂᏍᎦ ᎠᎵᏍᏓᏴᏗ.,
Mismatched asterisk count: Syllabary(1) vs Phonetic(0),64c07539f96f9454,lily-dict.csv,,[ᎹᏚ 5:15],ᎥᏝ ᎠᎴ ᏴᏫ ᎠᏂᏨᏍᏛᎦ *ᎠᏨᏍᏙᏗ* ᎠᏟᎶᏍᏗ ᏯᏄᏢᏗᏍᎪᎢ …,
Mismatched asterisk count: Syllabary(1) vs Phonetic(0),11d10d04dcb451c0,lily-dict.csv,,[ᎼᏏ ᎢᎬᏱᏱ 37:6],"ᎯᎠᏃ ᏂᏚᏪᏎᎴᎢ; Ꭷ, *ᎢᏣᏛᏓᏍᏓ* ᎯᎠ ᎾᏍᎩ ᎠᏆᏍᎩᏓᏒᎢ.",
Mismatched asterisk count: Syllabary(1) vs Phonetic(0),8534f24e0a9de597,lily-dict.csv,,[ᎹᏚ 2:18],ᎴᎹᏱ ᎧᏁᎬ *ᎤᎾᏛᎦᏅᎩ* …,
Mismatched asterisk count: Syllabary(2) vs Phonetic(0),167f9170eeb866e7,lily-dict.csv,,[ᏣᏂ 13:26],ᏥᏌ ᎤᏁᏨᎩ; ᎾᏍᎩ ᎨᏎᏍᏗ ᎠᎬᎭᎸᏛ *ᏥᏁᎸᎭ* ᎾᏍᎩ ᎠᏊᏅᎯ ᎨᏎᏍᏗ. ᎤᏭᏅᏃ ᎠᎬᎭᎸᏛ *ᎤᏁᎸᎩ* ᏧᏓᏏ ᎢᏍᎦᎳᏗ ᏌᏩᏂ ᎤᏪᏥ.,
Mismatched asterisk count: Syllabary(1) vs Phonetic(0),4277a24832e545fa,lily-dict.csv,,[ᎠᏂᏈᎷ 5:2],… ᎤᏩᏒᏰᏃ ᎾᏍᏉ ᏚᎵᏚᏫᏍᏛᎩ *ᎠᏩᏂᎦᎳ* ᎨᏒᎢ.,
Mismatched asterisk count: Syllabary(1) vs Phonetic(0),597b86341a7896ed,lily-dict.csv,,[ᏣᏂ 14:17],"… ᏂᎯᏍᎩᏂ ᎡᏥᎦᏔᎭ, ᎢᏤᎳᏗᏙᎭᏰᏃ, ᎠᎴ ᎾᏍᎩ *ᎢᏥᏯᎡᏍᏗ*.",
Mismatched asterisk count: Syllabary(1) vs Phonetic(0),2bd0a39c941e81a6,lily-dict.csv,,[ᏧᏁᎶᏗ ᏚᏂᎩᏒᏒᎢ],ᎠᎴ *ᏓᎬᎩᏯᏅᎲᎩ* ᎥᎠᏆᏨᏍᏗᏱᏉ,
Mismatched asterisk count: Syllabary(1) vs Phonetic(0),b85943ab8060c97e,lily-dict.csv,,[ᎼᏏ ᎢᎬᏱᏱ 1:6],… ᎦᎸᎶᎢ ᏩᏙᏢᎾ ᎠᎹᏱ *ᎠᏰᎵ* …,
Mismatched asterisk count: Syllabary(1) vs Phonetic(0),d9fd63a87545dcaa,lily-dict.csv,,[ᎹᏚ 16:24],"… ᎠᎴ ᏧᏓᎿᏩᏛ *ᎠᏱᏍᎨᏍᏗ*, ᎠᎴ ᎠᎩᏍᏓᏩᏕᎨᏍᏗ.",
Mismatched asterisk count: Syllabary(1) vs Phonetic(0),d5478c91c2adf89e,lily-dict.csv,,[ᏣᏂ 7:23],"… ᎠᎴ ᎪᏪᎵ *ᎤᏲᎢᏍᏗ* ᏂᎨᏒᎾ ᏱᎩ,",
Mismatched asterisk count: Syllabary(1) vs Phonetic(0),ca72e7bf5af9c12b,lily-dict.csv,,[King pg 114],*ᏗᏂᏲᎵ* ᏓᏍᏓᏴᎲᏍᎦ ᎡᏥᏂ.,
Mismatched asterisk count: Syllabary(1) vs Phonetic(0),b86ac7e54d70ca7c,lily-dict.csv,,[ᎷᎦ 1:29],… ᎠᎴ ᎤᏓᏅᏖᎴ ᏄᏍᏛ ᎤᏰᎸᏛ ᎯᎠ ᎾᏍᎩ *ᎤᏲᎵᎸᎢ*.,
Mismatched asterisk count: Syllabary(1) vs Phonetic(0),585e53b5f21ac1d1,lily-dict.csv,,[ᏣᏂ 2:19],"… *ᎢᏥᏲᏍᏓ* ᎯᎠ ᎤᏛᏅᏗᎦᎳᏫᎢᏍᏗᏱ, ᏦᎢᏉᏃ ᎢᎦ ᏓᏥᏱᎵᏙᎵ ᎿᏉ ᏛᎦᏁᏍᎨᎰᏂ.",
Mismatched asterisk count: Syllabary(1) vs Phonetic(0),85d7b0292a2ce4ec,lily-dict.csv,,[ᎼᏏ ᎢᎬᏱᏱ 6:17],ᎠᎴ ᎬᏂᏳᏉ *ᎠᏴ* ᏓᏥᏃᎤᎪᏔᏂ ᎡᎶᎯ …,
Mismatched asterisk count: Syllabary(1) vs Phonetic(0),442afaa151b9da34,lily-dict.csv,,[ᎠᏥᎾᏄᎪᏫᏎᎸᎢ 8:5],"… ᎠᎴ ᎡᎶᎯ ᏭᏗᏅᏒᎩ; ᏚᏃᏴᎳᏒᎩᏃ, ᎠᎴ *ᎤᏴᏓᏆᎶᎥᎩ*, ᎠᎴ ᎠᎾᎦᎵᏍᎬᎩ, ᎠᎴ ᎡᎶᎯ ᎤᎵᏖᎸᏅᎩ.",
Mismatched asterisk count: Syllabary(1) vs Phonetic(0),0f91de78b7aab708,lily-dict.csv,,[ᎷᎦ 18:17],… ᎥᏝ ᎾᎿ *ᎤᏴᏍᏗ* ᏱᎨᏎᏍᏗ.,
Mismatched asterisk count: Syllabary(1) vs Phonetic(0),544bf75b8f0a6ec5,lily-dict.csv,,[ᎼᏏ ᎢᎬᏱᏱ 27:16],"… ᏧᏂᏁᎦᎸᏅᎯ ᏚᏪᏰᏑᎳᏁᎢ, ᎠᎴ ᎤᏪᏯᏢᏁ ᏓᏫᏍᎦᎨ ᎨᏒ *ᎠᏴᏤᏂ*;",
Mismatched asterisk count: Syllabary(1) vs Phonetic(0),d47209af7deaae75,lily-dict.csv,,[ᏣᏂ 3:32],… ᎠᏎᏃ ᎥᏝ ᎩᎶ *ᏱᏓᏓᏂᎸᎦ* ᎾᏍᎩ ᎤᏃᎮᎸᎢ.,
Mismatched asterisk count: Syllabary(1) vs Phonetic(0),e73a1587f94ed98d,lily-dict.csv,,[ᎹᏚ 5:19],"… ᎠᎴ ᎾᏍᎩ ᏄᏍᏕᏍᏗ *ᏓᏕᏲᎲᏍᎨᏍᏗ*, ᎦᎸᏉᏗᏳ ᎠᎪᏎᎮᏍᏗ ᎦᎸᎳᏗ ᎡᎯ ᎤᎬᏫᏳᎯ ᎨᏒᎢ.",
Mismatched asterisk count: Syllabary(1) vs Phonetic(0),6d285a65319404e3,lily-dict.csv,,[ᏣᎳᎩ ᏔᎵᏁ ᏗᏂᏂᏙᎯ ᏗᏕᏲᏙᏗ],"“*ᏓᎦᏏ*, ᎭᏢ ᏣᎩᏎ ᎤᏬᏚᎯ ᎤᏃᏴᎩ?”",
Mismatched asterisk count: Syllabary(1) vs Phonetic(0),7bc713db5c8cfa66,lily-dict.csv,,[ᎼᏏ ᎢᎬᏱᏱ 45:21],"… ᏦᏩᏃ ᏚᏁᎴ *ᏓᏆᎴᎷ* ᎾᏍᎩᏯ ᏄᏪᏒ ᎤᏁᏨ ᏇᎵᏲ, …",
Mismatched asterisk count: Syllabary(1) vs Phonetic(0),69a318a0ea39e7df,lily-dict.csv,,[ᎨᏥᏅᏏᏛ ᏄᎾᏛᏁᎵᏙᎸᎢ 20:36],"ᎾᏍᎩᏃ ᎯᎠ ᏄᏪᏒ, *ᏚᎵᏂᏆᏅᏅᎩ* ᎠᎴ ᏂᎦᏛ ᎠᏂᎦᏔᎲ ᎤᏓᏙᎵᏍᏔᏅᎩ.",
Mismatched asterisk count: Syllabary(1) vs Phonetic(0),8a6ca6878ceb81bf,lily-dict.csv,,[ᎹᏚ 5:28],"… ᎩᎶ ᎠᎨᏴ *ᏓᎧᏂᏍᎨᏍᏗ* ᏧᎾᏂᏏᏗᏱ ᎤᏚᎵᏍᎨᏍᏗ, …",
Mismatched asterisk count: Syllabary(1) vs Phonetic(0),7eddb7e28d8588b9,lily-dict.csv,,[ᎨᏥᏅᏏᏛ ᏄᎾᏛᏁᎵᏙᎸᎢ 7:33],"… “*ᏔᎳᏑᎳᎩ*, ᎾᎿᏰᏃ ᏥᏙᎦ ᎦᎸᏉᏗᏳ ᎦᏙᎯ.",
Mismatched asterisk count: Syllabary(1) vs Phonetic(0),e929247e9130c568,lily-dict.csv,,[ᎼᏏ ᎢᎬᏱᏱ 13:17],"*ᏔᎴᎲᎦ*, ᎮᏓ ᏂᎦᏅᎯᏒ ᎠᎴ ᎾᏯᏛᎥ ᎯᎠ ᎦᏙᎯ; ᏂᎯᏰᏃ ᏓᎬᏁᎵ.",
Mismatched asterisk count: Syllabary(1) vs Phonetic(0),567c78264dc81a72,lily-dict.csv,,[King pg 112],ᏗᏥᎶᏍᏓᏅᎯ *ᏓᏥᎶᏍᏗᎭ* ᏃᎴ ᎠᏑᏫᏍᎦ ᎠᏍᎦᏯ.,
Mismatched asterisk count: Syllabary(1) vs Phonetic(0),637577504fe63e38,lily-dict.csv,,[ᎷᎦ 13:6],"… ᎩᎶ ᎢᏳᏍᏗ, ᎡᎦᏔ-ᎢᏳᏍᏗ ᏡᎬ ᎤᏫᏎ ᏖᎸᎳᏗ *ᏚᏫᏒᎢ*; …",
Mismatched asterisk count: Syllabary(1) vs Phonetic(0),cc499f1732678882,lily-dict.csv,,[ᏥᎻ 5:13],… ᎩᎶ ᎤᎦᎵᏍᏗ ᎤᏓᏅᏖᏍᏗ *ᏕᎧᏃᎩᏍᎨᏍᏗ*.,
Mismatched asterisk count: Syllabary(1) vs Phonetic(0),7c5eaf437677a2e4,lily-dict.csv,,[ᎹᏚ 13:54],"ᎿᏉᏃ ᎤᏩᏒ ᎤᏤᎵᎪᎯ ᎤᎷᏨ ᏧᏂᎳᏫᎢᏍᏗᏱ *ᏚᏪᏲᏅᎩ*; ᎾᏍᎩ ᎢᏳᏍᏗ ᎤᏂᏍᏆᏂᎪᏒᎩ, …",
Mismatched asterisk count: Syllabary(1) vs Phonetic(0),7dcbcb2d5d7ddf0e,lily-dict.csv,,[ᎹᏚ 3:1],"ᎾᎯᏳ ᎤᎷᏤ ᏣᏂ *ᏗᏓᏬᏍᎩ* ᎠᎵᏥᏙᎲᏍᎨ ᎢᎾᎨ ᏧᏗᏱ,",
Mismatched asterisk count: Syllabary(1) vs Phonetic(0),d3cb23917be07b9e,lily-dict.csv,,[ᎹᏚ 9:11],… ᎦᏙᏃ *ᏗᏤᏲᎲᏍᎩ* ᎠᏕᎸ ᎠᏂᎩᏏᏙᎯ ᎠᎴ ᎠᏂᏍᎦᎾ ᎢᏧᎳᎭ ᎢᎠᎾᎵᏍᏓᏴᎲᏍᎦ?,
Mismatched asterisk count: Syllabary(1) vs Phonetic(0),bc7cfadde998379b,lily-dict.csv,,[ᎹᏚ 10:24],"*ᏗᏕᎶᏆᏍᎩ* ᎥᏝ ᎤᏟ ᏱᎾᏥᎸᏉᏙᎢ ᎡᏍᎦᏉ ᏧᏪᏲᎲᏍᎩ, ᎠᎴ ᎠᏥᏅᏏᏓᏍᏗ ᎥᏝ ᎤᏟ ᏱᎾᏥᎸᏉᏙᎢ ᏒᏍᎦᏉ ᎤᏅᏏᏙᎯ.",
Mismatched asterisk count: Syllabary(1) vs Phonetic(0),4805b82e08e7f33e,lily-dict.csv,,[ᎹᏚ 8:19],"ᎩᎶᏃ ᎢᏳᏍᏗ *ᏗᎪᏪᎵᏍᎩ* ᎤᎷᏤᎢ, ᎯᎠ ᏄᏪᏎᎴᎢ; ᏔᏕᏲᎲᏍᎩ ᏓᎬᏍᏓᏩᏗᏙᎵ ᏂᎦᎥ ᎮᏙᎲᎢ.",
Mismatched asterisk count: Syllabary(1) vs Phonetic(0),f3fc71e8802f8004,lily-dict.csv,,[ᏣᎳᎩ ᏅᎩᏁ ᏗᏂᏂᏙᎯ ᏗᏕᏲᏙᏗ],"ᎪᎱᏍᏗ ᎦᏁᎯ. ᎭᏑᏯᎩ. ᏫᎦᎯᏁᎥᏏ: Ꭰ) ᎧᏫ, Ꭱ) ᏌᎶᎵ, Ꭲ) *ᏗᎵ*.",
Mismatched asterisk count: Syllabary(1) vs Phonetic(0),d20121d68139e244,lily-dict.csv,,[King pg 121],“*ᏙᏌ* ᎤᏂᏣᏔ” ᎠᏗᏍᎨᎢ ᎦᎾ ᎬᏩᏂᎮᎢ.,
Mismatched asterisk count: Syllabary(1) vs Phonetic(0),99ec97bd015b98e0,lily-dict.csv,,[ᎼᏏ ᎢᎬᏱᏱ 39:13],"ᎯᎠᏃ ᏄᎵᏍᏔᏁᎢ, ᎾᏍᎩ [ᎠᎨᏴ] ᎿᏉ ᎤᏙᎴᎰᏒ ᎤᏂᏴ ᎤᏄᏬ ᎤᏒᎦᎸᎢ, ᎠᎴ *ᏙᏱ* ᏮᏗᏢᏍᏔᏅᎢ,",
Mismatched asterisk count: Syllabary(1) vs Phonetic(0),df5d92330b500f56,lily-dict.csv,,[King pg 116],ᏗᏇᏅᏒᏃ *ᏗᎩᎸᏫᏍᏓᏁᏗ* ᏃᎴ ᎠᏆᏙᏪᏐᎸᏍᏙᏗ.,
Mismatched asterisk count: Syllabary(1) vs Phonetic(0),0c9aeac23b31a38b,lily-dict.csv,,[ᏣᏂ 5:8],"ᏥᏌ ᎯᎠ ᏄᏪᏎᎸᎩ; ᏔᎴᎲᎦ, ᎯᎾᎩ ᏣᏤᏍᏙ, ᎠᎴ *ᎮᏓ*.",
Mismatched asterisk count: Syllabary(1) vs Phonetic(0),2ea534b80d941859,lily-dict.csv,,[King pg 112],ᏂᎯ ᏃᎴ ᎺᎵ ᏗᏓᎾᏅ *ᏍᏕᎾ*!,
Mismatched asterisk count: Syllabary(1) vs Phonetic(0),2b1fbb70569db165,lily-dict.csv,,[King pg 115],ᏗᏂᏲᎵᏃ ᎨᎬᏂᏍᏓᏁ ᏎᎷ ᏃᎴ ᏚᏯ *ᎡᏆ* ᏧᎳᏍᎩ ᎬᏗ ᎡᏥᏂ.,
Mismatched asterisk count: Syllabary(1) vs Phonetic(0),f7dde47841d3bd30,lily-dict.csv,,[ᎼᏏ ᎢᎬᏱᏱ 31:21],"… ᎠᎴ ᏚᎴᏁᎢ, ᎠᎴ *ᎡᏉᏂ* ᏚᏪᏐᏤᎢ, …",
Mismatched asterisk count: Syllabary(1) vs Phonetic(0),d5cdbd65a6a30329,lily-dict.csv,,[King pg 112],"ᏲᎾ, ᎠᏫ, ᏃᎴ ᎬᎮ ᎢᎾᎨ *ᎠᏁᎯ*.",
Mismatched asterisk count: Syllabary(1) vs Phonetic(0),0a565707b7512dd7,lily-dict.csv,,[ᏧᏁᎶᏗ ᏚᏂᎩᏒᏒᎢ],… ᏞᏍᏗ ᎤᎾᏙᎴᎰᏒ ᎠᏆᏓᎵᎢ ᎠᎴ ᏗᏇᏥ ᏂᎦᎥ *ᎡᎯᏍᏗ* …,
Mismatched asterisk count: Syllabary(1) vs Phonetic(0),cdfa745d31c447bb,lily-dict.csv,,[ᏧᏁᎶᏗ ᏚᏂᎩᏒᏒᎢ],"ᎿᏉᏃ ᏧᏁᎶᏗ *ᎡᎳᏗ* ᏕᎤᎳᏍᎬ ᎾᎥ ᎤᏲᎱᏒᎯ ᎢᏗᎬᏤᎵᏛ ᎤᏅᏥᎸᎩ, ᎤᏪᎷᏅᎩ …",
Mismatched asterisk count: Syllabary(1) vs Phonetic(0),88c05566b30b70a4,lily-dict.csv,,[ᎨᏥᏅᏏᏛ ᏄᎾᏛᏁᎵᏙᎸᎢ 25:27],ᎥᏝᏰᏃ ᏱᏙᎬᏩᏳᎪᏗ *ᎨᎵᎠ* …,
Mismatched asterisk count: Syllabary(1) vs Phonetic(0),b4b8422b5d6be648,lily-dict.csv,,[ᏧᏁᎶᏗ ᏚᏂᎩᏒᏒᎢ],"ᎦᏙᏃ ᎤᏍᏗ ᏣᏲᎴᎦ, ᎾᏍᎩ ᏂᎦᎵᏍᏙᏗ ᏂᎦᏗ *ᎡᎶᎯ* ᏥᏕᏣᏲᏍᎦ?",
Mismatched asterisk count: Syllabary(1) vs Phonetic(0),4557175f7ed0efba,lily-dict.csv,,[ᏣᎳᎩ ᏔᎵᏁ ᏗᏂᏂᏙᎯ ᏗᏕᏲᏙᏗ],ᏐᏁᎵᏁ *ᎦᏓᏘ* ᎩᎦᎨᎢ ᎯᏑᏫ.,
Mismatched asterisk count: Syllabary(1) vs Phonetic(0),37d454170329957b,lily-dict.csv,,[ᏣᏂ 13:18],… “ᎢᏧᎳᎭ ᎣᏍᏓᎵᏍᏓᏴᎲᏍᎩ ᎤᏌᎳᏓᏅ *ᎦᏗᎨᏂ* ᎠᏆᏡᏗᏍᎬᎢ.”,
Mismatched asterisk count: Syllabary(1) vs Phonetic(0),8b0901cb711c9e3c,lily-dict.csv,,[King pg 120],*(Ꭶ)Ꮩ* ᎭᏛᏁᎭ?,
Mismatched asterisk count: Syllabary(2) vs Phonetic(0),33542ec98f3fbcde,lily-dict.csv,,[ᏧᏁᎶᏗ ᏚᏂᎩᏒᏒᎢ],"ᎿᏉᏃ ᎯᎠ ᏄᏪᏒ ᎠᎵᏣᏙᏂᎪᎯ, *ᎯᏙᎨᏍᏗ* ᏞᎦ, ᎾᏍᎩᏃ ᏓᎬᏃᏁᎵ ᏄᏍᏛ ᎤᏁᎳᏅᎯ ᎤᏁᏨᎯ. ᎾᏍᎩᏃ *ᎦᏙᎪ* ᎤᏪᎾᏫᏍᎪᎢ.",
Mismatched asterisk count: Syllabary(1) vs Phonetic(0),c012c9ca23f800c9,lily-dict.csv,,[ᎼᏏ ᎢᎬᏱᏱ 25:34],"ᏤᎦᏈᏃ *ᎦᏚ* ᎠᎴ ᏚᏯ ᎢᏳᎾᏍᏗ ᏗᎫᏅᎯ ᏚᏁᎴ ᎢᏐ, ᎤᎵᏍᏓᏴᏁᏃ, ᎠᎴ ᎤᏗᏔᎮᎢ, …",
Mismatched asterisk count: Syllabary(1) vs Phonetic(0),557dbec3a14304b9,lily-dict.csv,,[ᏣᎳᎩ ᏔᎵᏁ ᏗᏂᏂᏙᎯ ᏗᏕᏲᏙᏗ],ᎯᏍᏕᎳ ᎤᎦᏐᏣᏁᏓ ᎦᎸᎳᏗ *ᎦᏚᏏ* ᏭᎷᎯᏍᏗᎢ.,
Mismatched asterisk count: Syllabary(1) vs Phonetic(0),65ca2b10f31b71c4,lily-dict.csv,,[ᎼᏏ ᎢᎬᏱᏱ 49:8],"… ᏂᎯ ᏦᏰᏂ ᎨᏣᏍᎦᎩ *ᎠᏂᎩᎵᎨᏂ* ᏕᎯᏂᏴᏎᏍᏗ, ᏣᏙᏓ ᏧᏪᏥ ᎡᎳᏗ ᏂᎨᏣᏛᏁᎮᏍᏗ.",
Mismatched asterisk count: Syllabary(1) vs Phonetic(0),30796fac4c6ed51e,lily-dict.csv,,[King pg 122],ᎧᎶᏇᏗ ᎬᏗ ᏄᏅᏁᎴᎢ *ᎦᎭᏗ* ᏃᎴ ᏍᏆᎸᏂᏍᏗ.,
Mismatched asterisk count: Syllabary(2) vs Phonetic(0),af4832b025ea04fb,lily-dict.csv,,[ᎹᏚ 13:5],"ᎢᎦᏛᏃ ᏅᏲᎯ ᎨᏒ ᎤᎳᎨᏯᏛᏤᎢ, ᎦᏲᎵ *ᎦᏓ* ᎦᎳᎨᏴᎢ, ᎩᎳᏉᏃ ᎢᏴᏛ ᎤᎵᏰᏁᎢ, ᏅᏗᎦᎵᏍᏙᏗᏍᎨ ᏌᎨᎢᏳ ᎨᏒ *ᎦᏓ*.",
Mismatched asterisk count: Syllabary(1) vs Phonetic(0),540c00660ae35779,lily-dict.csv,,[ᎹᎦ 1:23],"ᏧᏂᎳᏫᎢᏍᏗᏱᏃ ᎠᏯᎡ ᎠᏍᎦᏯ *ᎦᏓᎭ* ᎠᏓᏅᏙ ᎤᏯᎢ, ᎠᎴ ᎤᏪᎷᏁ,",
Mismatched asterisk count: Syllabary(1) vs Phonetic(0),14f0b37a84039a3a,lily-dict.csv,,[ᎼᏏ ᎢᎬᏱᏱ 37:2],… ᏦᏩ *ᎦᎵᏆᏚ* ᎢᏳᏕᏘᏴᏛ ᎨᏎ ᏧᏂᎵ ᎤᎾᎵᎪᎭ ᏓᏅᎿᏗᏍᏗᏍᎨ ᎠᏫ; …,
Mismatched asterisk count: Syllabary(1) vs Phonetic(0),48769dcb1b999538,lily-dict.csv,,[ᏧᏁᎶᏗ ᏚᏂᎩᏒᏒᎢ],… ᎡᏍᎦᏉ *ᎦᎵᏉᎩ* ᎢᏯᏂᏛ ᎠᏂᏍᎦᏯ ᎠᏂᎦᏔᎿᎢ ᎠᎴ ᎣᏍᏛ ᏗᎬᏩᏃᏏᏐᏗ ᏥᎨᏐᎢ.,
Mismatched asterisk count: Syllabary(1) vs Phonetic(0),98fc714c6fd2ae29,lily-dict.csv,,[King],*ᎦᎵᎲᎢ* ᎠᏍᎦᏯ ᏣᏍᎩᏥᏒᎥᏍᎬᎩ.,
Mismatched asterisk count: Syllabary(1) vs Phonetic(0),86e43ec3ac7c357e,lily-dict.csv,,[ᎼᏏ ᎢᎬᏱᏱ 4:24],… ᎴᎻᎩ [ᎤᎸᎯ] *ᎦᎵᏆᏍᎪᎯ* ᎦᎵᏉᎩ ᎢᏳᏩᎫᏗ ᎠᏎ ᎠᎦᏞᏤᏗ ᎨᏎᏍᏗ.,
Mismatched asterisk count: Syllabary(1) vs Phonetic(0),a6ff8002e8bfa4a9,lily-dict.csv,,[ᎼᏏ ᎢᎬᏱᏱ 19:10],"ᎠᏎᏃ ᎾᏍᎩ ᎠᏂᏍᎦᏯ ᏫᏚᎾᏙᏯᏅᎯᏕ, ᎠᎴ ᏫᎬᏩᏎᏒᎮ ᎶᏗ *ᎦᎵᏦᏕ* ᎬᏩᏴᏔᏁ ᎠᏂᏯᎥᎢ, ᎠᎴ ᎤᏂᏍᏚᏁ ᎦᎶᎯᏍᏗᏱ.",
Mismatched asterisk count: Syllabary(1) vs Phonetic(0),07ce2bb1a5d748dc,lily-dict.csv,,[ᏣᎳᎩ ᏦᎢᏁ ᏗᏂᏂᏙᎯ ᏗᏕᏲᏙᏗ],ᎤᏂᏥᎸᏍᎩ *ᏗᎦᎸᏙᏗ* ᎤᏏᏫ.,
Mismatched asterisk count: Syllabary(1) vs Phonetic(0),5fc476e1e7314e76,lily-dict.csv,,[ᏈᏓ ᏔᎵᏁ 2:3],… ᎠᎴ ᎤᏂᏛᏗᏍᎩ *ᎥᏝ ᏱᎦᎸᏍᎦ*.,
Mismatched asterisk count: Syllabary(1) vs Phonetic(0),c09c5f25a3e834c2,lily-dict.csv,,[ᏣᎳᎩ ᏦᎢᏁ ᏗᏂᏂᏙᎯ ᏗᏕᏲᏙᏗ],"ᎭᏢ ᎤᏂᎦᏔ ᏓᏰᎮ ᎩᏳᎩ? Ꭰ) *ᏗᎦᏃᎨᏂ*, Ꭱ) ᎠᏳᎨᏂ.",
Mismatched asterisk count: Syllabary(1) vs Phonetic(0),1d21f9f948c00cff,lily-dict.csv,,[ᎼᏏ ᎢᎬᏱᏱ 49:14],"ᎢᏏᎦ ᏗᎦᎵᎠᏅᎯᏛ ᎤᎵᏂᎩᏛ, ᏗᏴᏙᏗᏱ ᎠᏰᎵ *ᎦᏅᎦ*.",
Mismatched asterisk count: Syllabary(1) vs Phonetic(0),d9a01ed14d4296af,lily-dict.csv,,[ᏣᎳᎩ ᏦᎢᏁ ᏗᏂᏂᏙᎯ ᏗᏕᏲᏙᏗ],Ꮟ ᏄᏍᏛᏊ ᎠᏒᏢᎢ! Ꮭ *ᎪᎱᏍᏗ* ᏲᎦᎵᏍᏓᏁᎴᎢ.,
Mismatched asterisk count: Syllabary(1) vs Phonetic(0),efd98e9c7f84339d,lily-dict.csv,,[ᎨᎴᏏᏱ 6:5],ᎾᏂᎥᏰᏃ ᎤᏅᏒ ᏚᎾᎵᏅᏫᏍᏗᏕᎬ *ᎠᏂᏰᎮᏍᏗ*.,
Mismatched asterisk count: Syllabary(1) vs Phonetic(0),200861e2ebecc6a7,lily-dict.csv,,[ᎹᏚ 7:33],"… ᏕᎦᏰᏌᏛ *ᏗᎦᎴᏂ* ᏚᏐᎾᏕᎢ, ᎠᎴ ᏚᎵᏥᏍᏇᎢ, ᎠᎴ ᎦᏃᎪ ᎤᏒᏂᎴᎢ;",
Mismatched asterisk count: Syllabary(1) vs Phonetic(0),687ef18ec7dee544,lily-dict.csv,,[ᎷᎦ 13:7],"… ᎬᏂᏳᏉ, ᎿᏉ ᏦᎢ ᎾᏕᏘᏴ ᏥᎷᎬᎩ ᎠᎩᏲᎲᎩ ᎤᏓᏔᏅᎯ ᎯᎠ ᎾᏍᎩ ᎡᎦᏔ-ᎢᏳᏍᏗ ᏡᎬᎢ, ᎠᎴ ᎥᏝ ᏱᏥᏩᏘᎭ; *ᎯᎴᏴᏍᏓ*; …",
Mismatched asterisk count: Syllabary(1) vs Phonetic(0),28a270ddc1b6e0a9,lily-dict.csv,,[ᏈᏓ ᎢᎬᏱᏱ 4:12],"ᎢᏨᎨᏳᎢ, ᏞᏍᏗ ᎤᏍᏆᏂᎪᏗ ᏱᏥᏰᎸᏎᏍᏗ *ᎦᎵᎬ* ᏥᏥᏱᎵᏕᎭ ᎾᏍᎩ ᎢᏥᎪᎵᏰᏗ ᏥᎩ, …",
Mismatched asterisk count: Syllabary(1) vs Phonetic(0),264c168be6960782,lily-dict.csv,,[ᏣᏂ 19:1],ᎿᏉᏃ ᏆᎴᏗ ᎤᏂᏴᎲᎩ ᏥᏌ ᎠᎴ *ᎤᎵᎥᏂᎸᎩ*.,
Mismatched asterisk count: Syllabary(1) vs Phonetic(0),aa5d15185e210eef,lily-dict.csv,,[ᎼᏏ ᎢᎬᏱᏱ 4:12],"ᎢᏳᏃ ᎦᏙᎯ *ᏕᎯᎶᎩᏍᎨᏍᏗ*, ᎪᎯ ᎢᏳᏓᎴᏅᏛ ᎥᏝ ᎣᏍᏛ ᏱᏣᏛᎯᏎᎮᏍᏗ; …",
Mismatched asterisk count: Syllabary(1) vs Phonetic(0),84fa0b072fab9808,lily-dict.csv,,[ᏧᏁᎶᏗ ᏚᏂᎩᏒᏒᎢ],"ᎯᎠᏃ ᏄᏪᏒ ᎠᎵᏣᏙᏂᏙᎯ. (ᏭᏐᏅ Ꭰ ᎢᎾᎨᎢ) “ᏫᎪᏩᏘᏍᎪ Ꮎ ᎬᎾᏙᎵ *ᎦᎶᎯᏍᏗ* ᏨᏗᎪᏢᎭ?” ᎠᏍᎦᏯᏃ ᎯᎠ ᏄᏪᏒᎩ, “ᎥᏝ”",
Mismatched asterisk count: Syllabary(1) vs Phonetic(0),7586379a61590c24,lily-dict.csv,,[ᏣᎳᎩ ᏔᎵᏁ ᏗᏂᏂᏙᎯ ᏗᏕᏲᏙᏗ],ᎧᏂᏤᏓᎳ *ᎦᎶᎯᏎᎭ* ᏩᎴᎳ.,
Mismatched asterisk count: Syllabary(1) vs Phonetic(0),e647dd0c587492f7,lily-dict.csv,,[King p40],ᎠᏰᎳᏍᏗ ᎬᏘ *ᏥᎷᏱᏍᎦ*.,
Mismatched asterisk count: Syllabary(1) vs Phonetic(0),82ffbaccaf4d21ec,lily-dict.csv,,[ᎶᎻ 11:13],… *ᏥᎸᏉᏗᎭ* ᏄᏍᏛ ᎥᏆᏒᎦᎶᏛᎢ;,
Mismatched asterisk count: Syllabary(1) vs Phonetic(0),a2f67924d18ab0a0,lily-dict.csv,,[ᏧᏁᎶᏗ ᏚᏂᎩᏒᏒᎢ],"… ᎠᏎᏃ, ᎬᏂᏳᏉ, ᎢᏳᏃ ᎣᏓᎷᎶᏗ ᏭᎷᏥᎸ ᎣᏣᏗᏉ *ᎦᎸᎳᏗ* ᏂᎦᏙ ᏅᏩᏍᏙᎢ …",
Mismatched asterisk count: Syllabary(1) vs Phonetic(0),3e7ed5419a8bc11a,lily-dict.csv,,[ᎼᏏ ᎢᎬᏱᏱ 1:1],ᏗᏓᎴᏂᏍᎬᎢ ᎤᏁᎳᏅᎯ ᏚᏬᏢᏁ *ᎦᎸᎶᎢ* ᎠᎴ ᎡᎶᎯ.,
Mismatched asterisk count: Syllabary(1) vs Phonetic(0),094874aa8d87bea3,lily-dict.csv,,[ᏣᎳᎩ ᏅᎩᏁ ᏗᏂᏂᏙᎯ ᏗᏕᏲᏙᏗ],ᎫᎫ ᎭᏫᎾᏗᏜ *ᎯᎸᎥᎦ* ᎪᏪᎵ. ᏃᏭᏃ ᎠᎹ ᎬᏗ ᎯᎧᎵᏣ.,
Mismatched asterisk count: Syllabary(1) vs Phonetic(0),f350f1eeb7f2ed27,lily-dict.csv,,[ᎹᏚ 9:6],"… ᏣᏤᏍᏙ *ᎯᎾᎩ*, ᎠᎴ ᏗᏤᏅᏒ ᎮᎾ.",
Mismatched asterisk count: Syllabary(1) vs Phonetic(0),c4529a1e5946097a,lily-dict.csv,,[King p40],ᎾᎠ *ᎦᎾᎩᎳ*.,
Mismatched asterisk count: Syllabary(1) vs Phonetic(0),57b58d00d491e8b0,lily-dict.csv,,[ᏣᎳᎩ ᏔᎵᏁ ᏗᏂᏂᏙᎯ ᏗᏕᏲᏙᏗ],*ᎦᎾᎦᏘ* ᏚᎦᏛᎲᏍᎪ ᏘᎦᏙᎵ.,
Mismatched asterisk count: Syllabary(1) vs Phonetic(0),429d3f41b8a14975,lily-dict.csv,,[ᎠᏥᎾᏄᎪᏫᏎᎸᎢ 22:17],… ᎠᎴ ᎩᎶ ᎤᏚᎵᏍᎨᏍᏗ *ᎦᏁᎩᏍᎨᏍᏗ* ᎠᎹ ᎬᏂᏛ ᎠᏓᏁᎯ ᏧᎬᏩᎶᏗ ᏂᎨᏒᎾ.,
Mismatched asterisk count: Syllabary(1) vs Phonetic(0),b18675d4dbdb1eb9,lily-dict.csv,,[ᏣᏂ 6:9],"… ᎠᎴ ᏔᎵ ᏧᎾᏍᏗ ᎠᏣᏗ *ᏕᎦᏁᎭ*; ᎠᏎᏃ ᎠᏎᏉᎧᏂ ᎾᏍᎩ, ᎯᎠᏃ ᏥᏄᏂᏣᏔ?",
Mismatched asterisk count: Syllabary(1) vs Phonetic(0),d45b60c1c4a46d34,lily-dict.csv,,[ᏣᏂ 13:25],"ᎿᏉᏃ ᏥᏌ *ᎦᏁᏥᎢ* ᎤᏍᏛᎦᎵ ᎯᎠ ᏄᏪᏎᎸᎩ; ᏣᎬᏫᏳᎯ, ᎦᎪ?",
Mismatched asterisk count: Syllabary(1) vs Phonetic(0),a5e37c153cc468d1,lily-dict.csv,,[ᎼᏏ ᎢᎬᏱᏱ 27:3],"Ꭷ, *ᏘᏄᎦ* ᏗᏣᎵᏍᎦᏍᏙᏗ, ᎦᏃᏟ ᎠᎴ ᎦᎶᏣᏗ, ᎠᎴ ᎢᎾᎨ ᏫᎶᎯ, ᎠᏫᏃ ᎤᏫᏯ ᏍᎩᏲᏎᎷᎦ;",
Mismatched asterisk count: Syllabary(2) vs Phonetic(0),a6c35f722c08f8c8,lily-dict.csv,,[ᏕᏏᎶᏂᎦ ᎢᎬᏱᏱ 4:8],"ᎾᏍᎩ ᎢᏳᏍᏗ ᎩᎶ *ᎠᏓᏂᏉᏘᎯ*, ᎥᏝ ᏴᏫ *ᏱᎦᏂᏆᏘᎭ*, …",
Mismatched asterisk count: Syllabary(1) vs Phonetic(0),5ece1a093c5259ea,lily-dict.csv,,[ᏣᎳᎩ ᏔᎵᏁ ᏗᏂᏂᏙᎯ ᏗᏕᏲᏙᏗ],Ꮭ ᎩᎶ ᏳᏅᏔ ᎤᎿᎢ *ᎦᏂᏌᎲᎢ*,
Mismatched asterisk count: Syllabary(1) vs Phonetic(0),7b58b9e4675897f3,lily-dict.csv,,[ᏧᏁᎶᏗ ᏚᏂᎩᏒᏒᎢ],"… ᎾᏍᎩᏃ ᎤᎪᎲ ᎠᎵᏣᏙᏂᏙᎯ ᎠᎦᏗᏏ ᎤᏬᏰᏂ *ᎤᏂᏴᎲᎩ*, ᎯᎠ ᏄᏪᏎᎸᎩ, …",
Mismatched asterisk count: Syllabary(1) vs Phonetic(0),4be1b8fbcd0d2954,lily-dict.csv,,[ᎹᎦ 10:19],"… ᏞᏍᏗ *ᏣᏃᏍᎩᏒᎩ*, …",
Mismatched asterisk count: Syllabary(1) vs Phonetic(0),46c0a1b25432da22,lily-dict.csv,,[ᎼᏏ ᎢᎬᏱᏱ 19:14],… ᏗᏣᎴᎲᎦ ᎠᎴ *ᎢᏥᏄᎪᎢ* ᎠᏂ; ᏱᎰᏩᏰᏃ ᏛᏲᏍᏔᏂ ᎯᎠ ᎦᏚᎲᎢ. …,
Mismatched asterisk count: Syllabary(1) vs Phonetic(0),42d8a8505a64eecf,lily-dict.csv,,[ᎼᏏ ᎢᎬᏱᏱ 1:29],"ᎤᏁᎳᏅᎯᏃ ᎯᎠ ᏄᏪᏎᎢ; ᎬᏂᏳᏉ ᏂᎦᎥ *ᎦᏄᎸᎯ* ᎠᎦᏔᏛᏍᎩ ᎾᏍᎩ ᏂᎬᎾᏛ ᎦᏙᎯ ᏣᏛᏍᎦ, …",
Mismatched asterisk count: Syllabary(1) vs Phonetic(0),19e3381b9a166c8f,lily-dict.csv,,[ᎹᏚ 10:29],… ᎠᏎᏃ ᎥᏝ ᏌᏉ ᎡᎳᏗ *ᎤᏅᎢᏍᏗ* ᏱᎩ ᎢᏥᏙᏓ ᎤᏓᏅᏖᎸᎯ ᏂᎨᏒᎾ.,
Mismatched asterisk count: Syllabary(1) vs Phonetic(0),5ebc2b692a917dfc,lily-dict.csv,,[ᎹᎦ 10:17],ᎤᏂᎩᏒᏃ *ᎦᏅᏅ* ᏭᎷᏨ …,
Mismatched asterisk count: Syllabary(1) vs Phonetic(0),e3c0e881e14911bf,lily-dict.csv,,[ᎹᏚ 7:10],"ᎠᎴ ᎠᏣᏗ ᏯᏔᏲᎯᎭ, ᏥᎪ ᎢᎾᏛᏉ *ᏴᎦᏅᎥᏏ*?",
Mismatched asterisk count: Syllabary(1) vs Phonetic(0),6158080329c088fd,lily-dict.csv,,[ᏣᏂ 19:33],… ᎥᏝ ᏱᏚᏂᏍᏆᎵᏎ *ᏗᎦᏅᏍᎨᏂ*;,
Mismatched asterisk count: Syllabary(1) vs Phonetic(0),c5e67113ab55c06b,lily-dict.csv,,[ᎹᎦ 15:47],… ᎥᏝ ᎠᏂ ᏱᎦᏅ; ᏗᏣᎧᏅᎦ Ꭰ *ᎤᏂᏅᏅᎢ*.,
Mismatched asterisk count: Syllabary(1) vs Phonetic(0),bacb44417f0d941e,lily-dict.csv,,[ᏔᎵᏁ ᏗᎹᏗ 4:13],"*ᎦᏌᎴᎾ* ᏠᏯ ᏨᏛᎩᏂᏴᎩ ᎦᏆ ᎦᏁᎸᎢ ᏖᏒ ᏘᏁᏒᎭ, …",
Mismatched asterisk count: Syllabary(1) vs Phonetic(0),323ed6b8eb564c40,lily-dict.csv,,[ᏣᏂ 2:15],… ᎠᎴ ᏚᎷᏆᏗᏅᏒᎩ *ᏕᎦᏍᎩᎸᎢ*.,
Mismatched asterisk count: Syllabary(1) vs Phonetic(0),14e3db3fdd6aba6c,lily-dict.csv,,[King p40],ᏴᏫᏯ ᎬᏗ *ᏓᏥᏬᏂᏏ*.,
Mismatched asterisk count: Syllabary(3) vs Phonetic(0),e0e4ed08c080ba0b,lily-dict.csv,,[ᏣᎳᎩ ᏦᎢᏁ ᏗᏂᏂᏙᎯ ᏗᏕᏲᏙᏗ],ᏤᏂ ᏓᎳᏚ *ᏗᎦᏯᎸᏗ* ᏚᏩᏎᎢ. ᎤᎪᎮᎢ ᏔᎵ ᎢᎦᎢ *ᏗᎦᏯᎸᏗ* ᎬᎿᎨ ᎤᏍᎪᎸᎯ ᏕᎨᏒᎢ. ᎭᎳ ᎢᎦ *ᏗᎦᏯᎸᏗ* ᏄᏓᎴ ᏧᎵᏑᏫᏓ ᏕᎨᏎᎢ?,
Mismatched asterisk count: Syllabary(1) vs Phonetic(0),a54bf9d2190420dd,lily-dict.csv,,[King pg 112],ᏗᏑᎶ ᏃᎴ ᏗᏌᏃ *ᏕᎦᏰᏫᏍᎦ*.,
Mismatched asterisk count: Syllabary(1) vs Phonetic(0),d42a7e0a0a0d3580,lily-dict.csv,,[ᎼᏏ ᎢᎬᏱᏱ 18:4],"*ᎦᏲᎵ* ᎠᎹ ᏩᏂᏁᎩ, ᎠᎴ ᏗᏣᎳᏏᏕᏂ ᏗᏦᏑᎵ, ᎠᎴ ᎢᏣᏣᏪᏐᎸᏍᏓ ᏡᎬ ᎭᏫᏂᏗᏢ;",
Mismatched asterisk count: Syllabary(1) vs Phonetic(0),941430b1c61251d9,lily-dict.csv,,[ᏧᏁᎶᏗ ᏚᏂᎩᏒᏒᎢ],ᎠᎴ ᎦᏙᎴᎣᏍᎦ *ᎦᏳᎳ* ᎪᎱᏍᏗ ᏣᎵᏍᏓᏁᎵᏙᎸᎢ;…,
Mismatched asterisk count: Syllabary(1) vs Phonetic(0),82302867eaced71e,lily-dict.csv,,[ᎷᎦ 12:24],… ᎠᎴ ᎤᏁᎳᏅᎯ *ᏕᎨᎶᎰᎢ*. ᏂᎦᎥ ᎤᏟ ᏁᏥᎸᏉᏗ ᏂᎯ ᎡᏍᎦᏉ ᏥᏍᏆ.,
Mismatched asterisk count: Syllabary(2) vs Phonetic(0),d9933c6ae00f5d32,lily-dict.csv,,[ᎠᏂᏈᎷ 9:19],"… ᏩᎦ ᎠᏂᎩᎾ *ᎤᏂᎩᎬ* ᎠᎴ ᎠᏫ ᏗᏂᎭᏄᎸᎯ *ᎤᏂᎩᎬ* ᎤᏁᎩᏎᎢ, ᎠᎴ ᎠᎹ ᎠᎴ ᎤᏩᏅ ᎩᎦᎨᎢ, ᎠᎴ ᏗᏐᏈ, ᏚᏍᏚᏞᏃ ᎪᏪᎵ ᎠᎴ ᎾᏂᎥ ᏴᏫ.",
Mismatched asterisk count: Syllabary(1) vs Phonetic(0),a08e6862756a08c3,lily-dict.csv,,[ᎠᏥᎾᏄᎪᏫᏎᎸᎢ 12:3],"… ᎠᎴ ᎬᏂᏳᏉ ᎤᏔᏅ *ᎩᎦᎨ* ᎢᎾᏛ [ᏫᏥᎪᎥᎩ,] ᎦᎸᏉᎩ ᏓᏍᎫᏓᏛᎩ, …",
Mismatched asterisk count: Syllabary(1) vs Phonetic(0),892e747e0e4b8bdc,lily-dict.csv,,[King pg 72],*ᎩᎵ* ᏛᎶᏕᎵ.,
Mismatched asterisk count: Syllabary(1) vs Phonetic(0),a76d5d8b0df37040,lily-dict.csv,,[ᎹᎦ 13:28],"… ᎤᏩᏂᎦᎸ ᎿᏉ ᎤᏓᎨ ᏂᎦᎵᏍᏓ, ᎠᎴ ᏥᎦᎵᏍᏚᎲᏍᎪᎢ, ᎢᏥᎦᏔᎰ *ᎪᎩ* ᎾᎥᏂᏳ ᎨᏒᎢ;",
Mismatched asterisk count: Syllabary(1) vs Phonetic(0),e1a6deac7b3668cf,lily-dict.csv,,[ᏧᏁᎶᏗ ᏚᏂᎩᏒᏒᎢ],"… ᎾᏍᎩᏃ *ᎪᎯ* ᎢᏴᏛ ᎤᎷᏤᎸᎩ ᏧᏁᎶᏗ, ᎠᎴ ᎢᏳᏍᏗ ᎤᎸᏏᎸ ᎤᏛᏛᏅᎩ.",
Mismatched asterisk count: Syllabary(1) vs Phonetic(0),61ecce3d30694cec,lily-dict.csv,,[ᏣᏂ 3:16],"ᎾᏍᎩᏰᏃ ᏂᎦᎥᎩ ᎤᏁᎳᏅᎯ ᎤᎨᏳᏒᎩ ᎡᎶᎯ, ᏕᎤᏲᏒᎩ ᎤᏤᎵᎦ ᎤᏪᏥ ᎾᏍᎩ ᎤᏩᏒᎯᏳ ᎤᏕᏁᎸᎯ, ᎩᎶ ᎾᏍᎩ *ᏱᎪᎯᏳᎲᏍᎦ* ᎤᏲᎱᎯᏍᏗᏱ ᏂᎨᏒᎾ, ᎬᏂᏛᏉᏍᎩᏂ ᎤᏩᏛᏗ.",
Mismatched asterisk count: Syllabary(1) vs Phonetic(0),589698caa9724dd0,lily-dict.csv,,[ᎨᏥᏅᏏᏛ ᏄᎾᏛᏁᎵᏙᎸᎢ 27:32],"ᎿᏉᏃ ᎠᏂᏯᏫᏍᎩ ᏚᏂᎦᎵᏒᎩ ᎠᏍᏕᏱᏛ ᎤᏍᏗ ᏥᏳ ᎦᏙᏌᏗᏍᏛᎢ, ᎠᎴ ᎾᏍᎩ *ᎤᏬᎰᏒᎩ*.",
Mismatched asterisk count: Syllabary(1) vs Phonetic(0),5ea8bcce3337c933,lily-dict.csv,,[ᏣᎳᎩ ᏔᎵᏁ ᏗᏂᏂᏙᎯ ᏗᏕᏲᏙᏗ],ᏂᎦᏓ ᏦᏣᏕᎶᏆᏍᎩ ᏙᏥᎪᎵᏰᏍᎪ *ᏗᎪᏪᎵ*.,
Mismatched asterisk count: Syllabary(1) vs Phonetic(0),74a13b452244b220,lily-dict.csv,,[ᏣᏂ 8:6],"… ᎠᏎᏃ ᏥᏌ ᎤᏗᏌᏓᏛᎩ, ᎦᏰᏌᏛᏃ ᎤᏩᏔᏅᎩ *ᎤᏬᏪᎳᏅᎩ* ᎦᏙᎯ.",
Mismatched asterisk count: Syllabary(1) vs Phonetic(0),714480def993aa1e,lily-dict.csv,,[ᎼᏏ ᎢᎬᏱᏱ 28:18],"… ᎠᎴ ᎤᏪᏘᏁᎢ, ᎠᎴ *ᎪᎢ* ᎤᏍᎪᎵ ᎤᏍᏚᏞᎢ.",
Mismatched asterisk count: Syllabary(1) vs Phonetic(0),8de8c88c96f6e0a0,lily-dict.csv,,[ᎹᏚ 24:20],ᎠᎴ ᎢᏣᏓᏙᎵᏍᏗᏍᎨᏍᏗ ᎢᏥᏔᏲᎯᎮᏍᏗ *ᎪᎳ* ᎠᎴ ᎤᎾᏙᏓᏆᏍᎬ ᎢᏣᎵᏍᏗᏱ ᏂᎨᏒᎾ ᎢᏳᎵᏍᏙᏗᏱ.,
Mismatched asterisk count: Syllabary(1) vs Phonetic(0),28c0496d0a754e35,lily-dict.csv,,[ᎹᎦ 14:68],… ᎥᏝ ᎠᎴ *ᏱᎪᎵᎦ* ᏂᏪᏍᎬᎢ. …,
Mismatched asterisk count: Syllabary(1) vs Phonetic(0),664a8f54fb2408c1,lily-dict.csv,,[ᎠᏥᎾᏄᎪᏫᏎᎸᎢ 15:7],"ᎠᏏᏴᏫᏃ ᎾᏍᎩ Ꮎ ᏅᎩ ᎢᏯᏂᏛ ᎨᏒ ᏗᏅᏃᏛ ᎦᎵᏉᎩ ᎢᏯᏂᏛ ᏗᏂᎧᎿᏩᏗᏙᎯ ᏚᏁᎸᎩ ᎦᎵᏉᎩ *ᎫᎫ* ᎠᏕᎸᏓᎶᏂᎨ ᏗᎪᏢᏔᏅᎯ, …",
Mismatched asterisk count: Syllabary(1) vs Phonetic(0),5c071ca623c2af4a,lily-dict.csv,,[ᏣᎳᎩ ᏔᎵᏁ ᏗᏂᏂᏙᎯ ᏗᏕᏲᏙᏗ],ᎯᏍᏕᎳ ᏌᎶᎵ *ᎫᎴ* ᏗᎲᎢ ᏭᎷᎯᏍᏗᎢ.,
Mismatched asterisk count: Syllabary(1) vs Phonetic(0),bd531131fe5d062e,lily-dict.csv,,[ᎹᎦ 1:10],"… ᎠᎴ ᎠᏓᏅᏙ *ᎫᎴᏗᏍᎪᏂᎯ* ᎾᏍᎩᏯᎢ, ᏧᏠᎠᏏᏗᏎ ᎾᏍᎩ ᎤᏪᏯᎸᏤᎢ.",
Mismatched asterisk count: Syllabary(1) vs Phonetic(0),871ea2885ef9967f,lily-dict.csv,,[ᏧᏁᎶᏗ ᏚᏂᎩᏒᏒᎢ],"ᎡᎭᏙᏯᏅᎯᏓ, ᎠᎴ ᏭᏙᏯᏅᎯᏛᎩ, ᎠᎴ *ᎤᏩᎩᏒᎩ*, …",
Mismatched asterisk count: Syllabary(1) vs Phonetic(0),2a522786470c493c,lily-dict.csv,,[King pg 122],ᎧᎶᏇᏗ *ᎬᏗ* ᏄᏅᏁᎴᎢ ᎦᎭᏗ ᏃᎴ ᏍᏆᎸᏂᏍᏗ.,
Mismatched asterisk count: Syllabary(1) vs Phonetic(0),2c34f0daa6698c24,lily-dict.csv,,[King pg 113],ᎠᎵᏍᏓᏴᏗ *ᎬᏂᏍᎦ*.,
Mismatched asterisk count: Syllabary(1) vs Phonetic(0),f29d0b5210fea05b,lily-dict.csv,,[ᏣᎳᎩ ᏅᎩᏁ ᏗᏂᏂᏙᎯ ᏗᏕᏲᏙᏗ],"ᎦᏙ ᎤᏍᏗ ᎠᏥᎧᏁ? ᎭᏑᏯᎩ. *ᏫᏘᏯᎧᏏ*: Ꭰ) ᎬᏃᏌᏍᏗ, Ꭱ) ᎦᏓ, Ꭲ) ᏥᏍᏕᏥ.",
Mismatched asterisk count: Syllabary(1) vs Phonetic(0),255021af7339ab1b,lily-dict.csv,,[ᏧᏁᎶᏗ ᏚᏂᎩᏒᏒᎢ],"… ᎢᏳ ᎠᎴ ᎠᏴ ᏍᎩᎳᏏᏘᏍᎨᏍᏗ, *ᎠᏂ* ᎯᎠ ᎪᏪᎵᎯ ᎯᎪᎵᏯ …",
Mismatched asterisk count: Syllabary(1) vs Phonetic(0),9244fbaa807b33d3,lily-dict.csv,,[ᏣᎳᎩ ᏦᎢᏁ ᏗᏂᏂᏙᎯ ᏗᏕᏲᏙᏗ],"“*ᎭᏩ*!”, ᎤᏪᏡᏁ ᎠᎵ.",
Mismatched asterisk count: Syllabary(1) vs Phonetic(0),bf591621e9274099,lily-dict.csv,,[King pg 122],Ꮓ ᎤᎧᏲᏓ ᎠᏓ *ᎭᏫᏂ* ᏚᏂᎵᏕᎢ.,
Mismatched asterisk count: Syllabary(1) vs Phonetic(0),9c3d4f2f91e55d32,lily-dict.csv,,[ᎶᎻ 14:21],"ᎤᏟ ᎤᏏᏳ *ᎭᏫᏯ* ᎠᎩᏍᏗᏱ ᏂᎨᏒᎾ, ᎠᎴ ᎩᎦᎨ-ᎠᏗᏔᏍᏗ ᎠᏗᏔᏍᏗᏱ ᏂᎨᏒᎾ, …",
Mismatched asterisk count: Syllabary(1) vs Phonetic(0),a92ac90be5ec59ca,lily-dict.csv,,[ᎼᏏ ᎢᎬᏱᏱ 22:10],ᎡᏆᎭᎻᏃ ᎤᏙᏯᏅᎯᏕ ᎠᎴ *ᎭᏰᎳᏍᏗ* ᎤᏴᎮ ᎤᎯᏍᏙᏗ ᎤᏪᏥ.,
Mismatched asterisk count: Syllabary(1) vs Phonetic(0),9f42fbd5c12653b3,lily-dict.csv,,[ᏧᏁᎶᏗ ᏚᏂᎩᏒᏒᎢ],"ᎾᏍᎩᏃ *ᎯᎠ* ᏂᏚᏪᏎᎸ ᎪᎱᏍᏗ ᏧᏩᎿ ᎤᏂᏍᏆᏂᎪᏒᎩ, …",
Mismatched asterisk count: Syllabary(1) vs Phonetic(0),9b4366c719baa38f,lily-dict.csv,,[ᎼᏏ ᎢᎬᏱᏱ 7:24],ᎠᎴ ᎦᏃᎱᎩᏍᎬ ᎧᏁᏉᏥᏎ ᎡᎶᎯ ᎠᏍᎪᎯᏧᏈ *ᎯᏍᎦᏍᎪᎯ* ᏧᏒᎯᏛ.,
Mismatched asterisk count: Syllabary(1) vs Phonetic(0),6e835a5eec1c2830,lily-dict.csv,,[ᎼᏏ ᎢᎬᏱᏱ 47:2],"ᎠᎾᎵᏅᏟᏃ ᎢᎦᏛ ᏚᏘᏅᏎᎢ, *ᎯᏍᎩ* ᎢᏯᏂᏛ ᎠᏂᏍᎦᏯ, …",
Mismatched asterisk count: Syllabary(1) vs Phonetic(0),3ba65861ce9fa912,lily-dict.csv,,[King pg 120],*ᎲᎦᎢᏴ* ᏛᎯᎷᏥ?,
Mismatched asterisk count: Syllabary(1) vs Phonetic(0),cc1ed87dbe67f79d,lily-dict.csv,,[ᎼᏏ ᎢᎬᏱᏱ 43:25],ᎠᎴ ᎤᎾᏛᏅᎢᏍᏔᏁ ᎤᏂᏁᎸᏗ ᎨᏒ ᎠᏏ *ᎢᎦ* ᏂᎬᏒᎾ ᏦᏩ ᎾᎯᏳ ᎤᎷᎯᏍᏗᏱ ᎨᏒᎢ; ᎤᎾᏛᎦᏁᏰᏃ ᎾᎿ ᏗᎾᎵᏍᏓᏴᏂᏒᎢ.,
Mismatched asterisk count: Syllabary(1) vs Phonetic(0),e6929ed4c43329e2,lily-dict.csv,,[ᏣᏂ 19:39],"ᎾᏍᏉᏃ *ᎥᎤᎷᏨᎩ* ᏂᎦᏗᎹᏏ, ᎾᏍᎩ ᎢᎬᏱᏱ ᏥᏌ ᏒᏃᏱ ᎤᎷᏤᎸᎯ …",
Mismatched asterisk count: Syllabary(1) vs Phonetic(0),df014bb5d2a0b6c0,lily-dict.csv,,[ᎼᏏ ᎢᎬᏱᏱ 8:22],"ᎡᎶᎯ *ᎢᎪᎯᏛ* ᎨᏒᎢ, ᎥᏝ ᎤᎵᏍᏆᏗᏍᏗ ᏱᎩ …",
Mismatched asterisk count: Syllabary(1) vs Phonetic(0),14dc9389eaa19ce5,lily-dict.csv,,[ᎼᏏ ᎢᎬᏱᏱ 44:4],"ᎤᏂᏄᎪᏨᏃ ᎦᏚᎲᎢ, ᎠᎴ ᎥᏝ ᎠᏏ *ᎢᏅᎯᏳ* ᏱᏩᎾᎢᏎᎢ, …",
Mismatched asterisk count: Syllabary(1) vs Phonetic(0),96aa35a3fae434ee,lily-dict.csv,,[ᏧᏁᎶᏗ ᏚᏂᎩᏒᏒᎢ],"ᎥᎥ ᏄᏬᎯᏳᎯᏒᎾ, ᎠᎴ ᎤᏬᎯᏳᎯᏍᏛ *ᎢᏧᎳ*;",
Mismatched asterisk count: Syllabary(1) vs Phonetic(0),898e998f9c126b86,lily-dict.csv,,[ᎹᏚ 2:7],… ᎣᏍᏛ ᏚᏛᏘᏌᏁ *ᎢᏳᏉ* ᎾᏍᎩ ᏃᏈᏏ ᎤᎾᏄᎪᏨᎢ.,
Mismatched asterisk count: Syllabary(1) vs Phonetic(0),fd12b1fec4c405bd,lily-dict.csv,,[King pg 122],ᎾᏃ ᎠᎪᎲᏍᎬᎢ ᏧᏔᏍᎩᏎᎢ ᏥᎦᏒᎳᏍᎪ *ᎢᏳᏍᏗ* ᏥᏄᎵᏍᏓᏁᎢ.,
Mismatched asterisk count: Syllabary(1) vs Phonetic(0),abeac4fcc56b94d8,lily-dict.csv,,[ᎹᎦ 6:23],"… *ᎢᏳᏍᏗᏉ* ᎮᎵᏍᎬ ᏍᎩᏔᏲᏏ, ᏓᎬᏁᎵᏃ, ᎾᏍᏉ ᎠᏰᎵ ᎢᏴᏛ ᏱᎩ ᎾᎿ ᎠᎩᎬᏫᏳᎯ ᎨᏒᎢ.",
Mismatched asterisk count: Syllabary(1) vs Phonetic(0),c404dc789f828526,lily-dict.csv,,[King pg 120],*ᎦᎪ* ᎨᎮᎢ?,
Mismatched asterisk count: Syllabary(1) vs Phonetic(0),d86601dd478da212,lily-dict.csv,,[ᏣᎳᎩ ᏅᎩᏁ ᏗᏂᏂᏙᎯ ᏗᏕᏲᏙᏗ],ᏗᏕᏲᎲᏍᎩ *ᎧᎵᏎᏥ* ᏚᏩᏎᎢ ᏧᏂᏍᏗᎩᏍᏗ. $1.25 ᏚᏈᏴᎮᎢ. ᏅᎩ ᏚᏩᏎᎢ. ᎭᎳ ᎢᎦ ᏚᏈᏴᎮᎢ ᏂᎦᏓ?,
Mismatched asterisk count: Syllabary(1) vs Phonetic(0),8a7a86e6717e43e9,lily-dict.csv,,[King pg 122],*ᎧᎶᏇᏗ* ᎬᏗ ᏄᏅᏁᎴᎢ ᎦᎭᏗ ᏃᎴ ᏍᏆᎸᏂᏍᏗ.,
Mismatched asterisk count: Syllabary(1) vs Phonetic(0),921c38fa380e12e6,lily-dict.csv,,[ᎼᏏ ᎢᎬᏱᏱ 33:19],"ᎠᎴ ᎤᏩᏎ ᎢᏴᏛ ᎢᎩᏛ ᏠᎨᏏ, ᎾᎿ *ᎤᎵᏦᏔᏅᎢ*, ᎮᎼ ᏧᏪᏥ ᏚᏩᎯᏎᎴᎢ, …",
Mismatched asterisk count: Syllabary(1) vs Phonetic(0),3e7e4a9630ba079c,lily-dict.csv,,[ᏣᎳᎩ ᏦᎢᏁ ᏗᏂᏂᏙᎯ ᏗᏕᏲᏙᏗ],*ᎧᎾᏁᏍᎩ* 8 ᏂᏚᏅᎾ ᏗᏂᏅᏍᎨᏂ.,
Mismatched asterisk count: Syllabary(1) vs Phonetic(0),56019ff548394e9f,lily-dict.csv,,[ᎼᏏ ᎢᎬᏱᏱ 30:34],"ᎴᏆᏂᏃ ᎯᎠ ᏄᏪᏎᎢ, ᎰᏩᏉ, ᎾᏍᎩ ᏄᏍᏕᏍᏗ ᎾᏍᎩᏯ *ᏣᏁᏨᎢ*.",
Mismatched asterisk count: Syllabary(1) vs Phonetic(0),fa1821d8760116f9,lily-dict.csv,,[ᏣᎳᎩ ᏅᎩᏁ ᏗᏂᏂᏙᎯ ᏗᏕᏲᏙᏗ],ᎭᎳᎢᎦ ᎠᏕᎳ ᏕᎦᏡᎦ *ᎧᏁᏌᎢᎢ*?,
Mismatched asterisk count: Syllabary(1) vs Phonetic(0),2b3423d90f2888ac,lily-dict.csv,,[ᎼᏏ ᎢᎬᏱᏱ 24:25],"ᎯᎠᏃ ᎾᏍᏉ ᏂᎤᏪᏎᎴᎢ, ᎢᏧᎳ *ᎧᏁᏍᎦ* ᎠᎴ ᎨᎶᎸᏗ ᏰᎵᏉ ᎣᎩᎭ, …",
Mismatched asterisk count: Syllabary(2) vs Phonetic(0),16e81869b466e46e,lily-dict.csv,,[ᎪᎵᏂᏗᏱ ᎢᎬᏱᏱ 14:7],"… ᎠᏤᎷᎯᏍᏗ ᎠᎴ *ᏗᎧᏃᎩᏍᏙᏗ* ᏱᎩ, ᎢᏳᏃ ᏧᏓᎴᎿᎢ ᏂᏚᏃᏴᎬᎾ ᏱᎩ, ᎦᏙ ᏱᎦᎵᏍᏙᏓ ᏴᏙᎴᎰᎯ ᎾᏍᎩ ᎠᏤᎷᎯᏛ ᎨᏒ ᎠᎴ ᎾᏍᎩ *ᏗᎧᏃᎩᏛ* ᎨᏒᎢ?",
Mismatched asterisk count: Syllabary(2) vs Phonetic(0),661af0a382b4f872,lily-dict.csv,,[ᏣᏂ 3:32],"ᎠᎴ ᎾᏍᎩ ᎤᎪᎲᎢ ᎤᏛᎦᏅᎾᏍᎩ *ᎧᏃᎮᎭ*, ᎠᏎᏃ ᎥᏝ ᎩᎶ ᏱᏓᏓᏂᎸᎦ ᎾᏍᎩ *ᎤᏃᎮᎸᎢ*.",
Mismatched asterisk count: Syllabary(1) vs Phonetic(0),b2f32746b862a90f,lily-dict.csv,,[ᎹᏚ 12:22],… ᎠᎴ *ᎤᏅᏩᏅᎩ*; ᎾᏍᎩᏃ ᏗᎨᏫ ᎠᎴ ᎤᏩᎨᏫ ᎤᏬᏂᏒᎩ ᎠᎴ ᎤᎪᎲᎩ.,
Mismatched asterisk count: Syllabary(1) vs Phonetic(0),340a0b0526577c8c,lily-dict.csv,,[ᎷᎦ 15:30],"ᎯᎠᏍᎩᏂ ᏤᏥ ᎤᎷᏦᏅᎯᏉ, ᎾᏍᎩ ᏣᏒᏁᎸᎯ ᏧᎬᏩᎶᏗ ᎠᏂᎨᏴᎯ ᎤᏂᏁᎫᏥᏛ *ᎤᏪᎳᏗᏙᎸᎢ*, ᎢᎯᎡᎸ ᎦᎵᏦᏔᏅᎯ ᏩᎦ ᎠᎩᎾ.",
Mismatched asterisk count: Syllabary(1) vs Phonetic(0),b41b6f74adfe239e,lily-dict.csv,,[ᎼᏏ ᎢᎬᏱᏱ 24:64],"ᎵᏇᎩᏃ ᏚᏌᎳᏓᏁ ᏗᎦᏙᎵ, ᏒᏏᎩᏃ ᎤᎪᎲ, ᎤᏠᎠᏎ *ᎨᎻᎵᎯ*.",
Mismatched asterisk count: Syllabary(1) vs Phonetic(0),450db9ec6731e728,lily-dict.csv,,[ᏣᏂ 4:27],"… ᎠᏎᏃ *ᎥᏝ ᎩᎶᎢ*, ᎦᏙ ᏣᏲᎭ? ᎠᎴ ᎦᏙᏃ ᎢᎯᏯᎵᏃᎮᏍᏗ? ᏳᏬᏎᎴᎢ.",
Mismatched asterisk count: Syllabary(1) vs Phonetic(0),c96d99e388cba276,lily-dict.csv,,[ᎼᏏ ᎢᎬᏱᏱ 29:14],"ᎴᏆᏂᏃ ᎯᎠ ᏄᏪᏎᎴᎢ, ᎤᏙᎯᏳᎯᏯ ᏂᎯ ᎠᏴ *ᏗᎩᎪᎳ* ᎠᎴ ᎠᏴ ᎠᎩᏇᏓᎸᎢ …",
Mismatched asterisk count: Syllabary(1) vs Phonetic(0),da14bdbdfa3c00b9,lily-dict.csv,,[ᏣᎳᎩ ᏅᎩᏁ ᏗᏂᏂᏙᎯ ᏗᏕᏲᏙᏗ],"ᎦᏙ ᎤᏍᏗ ᎠᏓᏁᎭ? ᎭᏑᏯᎩ. ᏫᎦᎯᎥᏏ: Ꭰ) ᏥᏍᏛᎾ, Ꭱ) ᏙᏯ, Ꭲ) *ᏆᎾ*.",
Mismatched asterisk count: Syllabary(2) vs Phonetic(0),45ceb2d8dfe4f083,lily-dict.csv,,[ᎹᏚ 8:9],"… ᎠᎴ ᏓᎩᎧᎭ ᎠᏂᏯᏫᏍᎩ ᎾᏍᎩ ᏕᎬᏆᏁᎶᏙᎢ, ᎩᎶᏃ ᎮᎾ ᏥᏲᏏ, ᎡᎪᎢ; ᏅᏩᏓᎴᏃ ᎡᎮᎾ ᏥᏲᏏ, ᏗᎡᎪᎢ; ᏥᏅᏏᏓᏍᏗᏃ, ᎯᎠ *ᎿᏛᎦ* ᏥᏲᏏ, ᎾᏍᎩ *ᎾᏛᏁᎰᎢ*.",
Mismatched asterisk count: Syllabary(1) vs Phonetic(0),825da29036c6f905,lily-dict.csv,,[ᏧᏁᎶᏗ ᏚᏂᎩᏒᏒᎢ],*ᎾᏉ* ᎠᏆᎴᏅᎲ ᎣᏍᏛ ᎦᏓᏅᏓᏗᏍᎬ ᎤᏎᎦᏥᏙᎸᎯ ᎠᏆᏓᏗᏫᏎᎸᎯ ᎨᏒᎢ.,
Mismatched asterisk count: Syllabary(1) vs Phonetic(0),ea3b94c0adef0382,lily-dict.csv,,[ᏧᏁᎶᏗ ᏚᏂᎩᏒᏒᎢ],"… ᎾᏍᎩ ᎯᎠ ᎤᏙᎯᏳᎯ ᏄᏍᏗ, ᎠᏎᏃ ᎪᎯᏉ ᎨᏒ ᏤᎾᎠ, ᎤᏇᎵᏃ ᎢᎦᏚᎸᎲᏗ ᎨᏒ *ᎾᎥᏂ* ᏂᏚᏓᎸ; ᎠᎴ …",
Mismatched asterisk count: Syllabary(1) vs Phonetic(0),d4bb8527060c40cf,lily-dict.csv,,[ᎷᎦ 16:7],"… ᎯᎠᏃ ᏄᏪᏎᎴᎢ, ᎯᎾᎩ ᎪᏪᎵ ᎡᏣᏚᎬᎢ, ᎠᎴ *ᏁᎳᏍᎪᎯ* ᎰᏪᎸᎦ.",
Mismatched asterisk count: Syllabary(1) vs Phonetic(0),fd673a2684af2e66,lily-dict.csv,,[ᏣᎳᎩ ᏔᎵᏁ ᏗᏂᏂᏙᎯ ᏗᏕᏲᏙᏗ],"ᎣᏂᏃ, *ᏂᎦᏓ* ᎤᏂᎨ ᎤᎦᎾᏩ ᎤᏖᏗ ᎦᏚ.",
Mismatched asterisk count: Syllabary(1) vs Phonetic(0),836370ac8a62e7d7,lily-dict.csv,,[ᏧᏁᎶᏗ ᏚᏂᎩᏒᏒᎢ],"… *ᏄᏪᏒᎩ*, “ᎦᏙᏃ ᏓᎦᏛᏁᎵ?”",
Mismatched asterisk count: Syllabary(1) vs Phonetic(0),9f624201b59c759f,lily-dict.csv,,[ᏣᏂ 11:42],ᎠᎴ ᏥᎦᏔᎭ *ᏂᎪᎯᎸᎢ* ᏍᏆᏛᎦᏁᎲᎢ; …,
Mismatched asterisk count: Syllabary(1) vs Phonetic(0),b628e1be6c01e4f6,lily-dict.csv,,[ᎷᎦ 8:39],… ᎠᎴ ᏭᏃᎮᎵᏙᎴ *ᏂᎬᎢ* ᎦᏚᎲ ᏂᎦᎥ ᎤᏍᏆᏂᎪᏗ ᏄᏛᏁᎸ ᏥᏌ.,
Mismatched asterisk count: Syllabary(2) vs Phonetic(0),311ca676298e1da6,lily-dict.csv,,[ᏣᎳᎩ ᏅᎩᏁ ᏗᏂᏂᏙᎯ ᏗᏕᏲᏙᏗ],ᎴᏥᎵ ᏍᎪᎯ *ᏃᏈᏏ* ᏚᎪᎮᎢ ᏃᎴ ᏑᏓᎵ ᏫᏚᎪᎮ. ᎭᎳᎢᎦ *ᏃᏈᏏ* ᏚᎪᎮᎢ?,
Mismatched asterisk count: Syllabary(1) vs Phonetic(0),f6ab2dd476c462a0,lily-dict.csv,,[King pg 122],ᎧᎶᏇᏗ ᎬᏗ ᏄᏅᏁᎴᎢ ᎦᎭᏗ *ᏃᎴ* ᏍᏆᎸᏂᏍᏗ.,
Mismatched asterisk count: Syllabary(1) vs Phonetic(0),7b1dc105ae7ef539,lily-dict.csv,,[ᎼᏏ ᎢᎬᏱᏱ 41:49],"ᏦᏩᏃ ᎤᏣᎴᏍᏗ ᎤᏪᏟᏌᏁ *ᏃᏳ* ᎠᎺᏉᎯ ᏥᎦᎳᎨᏲ ᎾᏍᎩᏯᎢ, …",
Mismatched asterisk count: Syllabary(1) vs Phonetic(0),9654da4060dc5530,lily-dict.csv,,[ᎼᏏ ᎢᎬᏱᏱ 2:10],… *ᏅᎩ* ᏕᎨᏴ ᏂᎦᎵᏍᏗᏍᎨᎢ.,
Mismatched asterisk count: Syllabary(1) vs Phonetic(0),b38da241aad3f4e4,lily-dict.csv,,[ᏧᏁᎶᏗ ᏚᏂᎩᏒᏒᎢ],… ᎠᎴ ᏕᎦᎾᏗᎢᏍᎬ *ᏅᏃᎯ* ᏧᎾᏠᎯᏍᏗ ᏂᎦᎵᏍᏗᏍᎬᎩ …,
Mismatched asterisk count: Syllabary(1) vs Phonetic(0),f96cb59a56e8cf8b,lily-dict.csv,,[King pg 122],“ᎢᏣᏙᎴᏆᏍᎨᏍᏗ ᏗᏓᏅᏬ *ᏅᏬᏗ* …,
Mismatched asterisk count: Syllabary(1) vs Phonetic(0),13a60085d7322628,lily-dict.csv,,[ᏣᎳᎩ ᏦᎢᏁ ᏗᏂᏂᏙᎯ ᏗᏕᏲᏙᏗ],ᎤᎦᏔ ᎠᎴ ᏧᏍᏗ *ᏅᏯ* ᏘᏢᎦ.,
Mismatched asterisk count: Syllabary(1) vs Phonetic(0),242b3336b0822ea8,lily-dict.csv,,[King pg 122],ᏚᎵᎬᎩᏎᎢ *ᏅᏱ ᎤᏅᏮᎢ*.,
Mismatched asterisk count: Syllabary(1) vs Phonetic(0),54a098f05a34a6f9,lily-dict.csv,,[ᎷᎦ 21:21],ᎿᏉ ᎾᏍᎩ ᏧᏗᏱ ᎠᏁᎯ ᎠᎾᎵᏒᎭ *ᎣᏓᎵ* ᏩᏂᎶᏒᎭ; …,
Mismatched asterisk count: Syllabary(1) vs Phonetic(0),45e12cdde565e3e6,lily-dict.csv,,[ᏧᏁᎶᏗ ᏚᏂᎩᏒᏒᎢ],ᏧᏁᎶᏗᏃ ᎥᏝ ᎿᏉ *ᎣᏂ* ᏳᎪᎮᎢ.,
Mismatched asterisk count: Syllabary(1) vs Phonetic(0),8f28fa6340d642c3,lily-dict.csv,,[King pg 122],*ᎣᏍᏓ* ᎤᏙᏪᎳᎨᎢ.,
Mismatched asterisk count: Syllabary(1) vs Phonetic(0),9f0ba4324bb0a054,lily-dict.csv,,[ᏧᏁᎶᏗ ᏚᏂᎩᏒᏒᎢ],"ᎥᎥ, *ᎣᏏ* ᏥᎪᏩᏘᎭ.",
Mismatched asterisk count: Syllabary(1) vs Phonetic(0),a6f4e4396e292e33,lily-dict.csv,,[ᏧᏁᎶᏍᏗ ᏚᏂᎩᏒᏒᎢ - ᎠᎵᎲᏲᎵᎵᎯᏍᏗᏱ],… *ᎣᏏᏳ* ᎦᏙᎯ ᎢᏳᏃ ᎦᎶᎯᏍᏗᏱ ᎤᏂᏴ ᏍᏔᏅᎯ ᏥᎨᏐ.”,
Mismatched asterisk count: Syllabary(1) vs Phonetic(0),58504ca9858f387f,lily-dict.csv,,[ᏣᎳᎩ ᏅᎩᏁ ᏗᏂᏂᏙᎯ ᏗᏕᏲᏙᏗ],"ᎦᏙ ᎤᏍᏗ ᎠᏓᏁᎭ? ᎭᏑᏯᎩ. ᏫᏥᎥᏏ: Ꭰ) ᏥᏍᏚ, Ꭱ) *ᏌᎶᎵ*, Ꭲ) ᎤᏪᏥ.",
Mismatched asterisk count: Syllabary(1) vs Phonetic(0),1647e651b6f2142a,lily-dict.csv,,[ᏣᎳᎩ ᏅᎩᏁ ᏗᏂᏂᏙᎯ ᏗᏕᏲᏙᏗ],"*ᏍᏓᏯ* ᏧᏄᏫ ᏗᎪᏪᎵ $2.25, ᏩᏂᎨ ᏧᏄᏫ ᏗᎪᏪᎵ $0.75.",
Mismatched asterisk count: Syllabary(1) vs Phonetic(0),52ac467a01f56ad8,lily-dict.csv,,[King pg 121],“ᎨᎾ *ᏎᎦ* …,
Mismatched asterisk count: Syllabary(1) vs Phonetic(0),8b89fb637f06792e,lily-dict.csv,,[ᎹᏚ 8:30],ᎨᎯᏃ ᎢᏴᏛ ᏗᏁᏙᎮ ᎤᏂᏣᏘ ᏑᎾᏓᏡᎩ *ᏏᏆ* ᎠᎾᎵᏍᏓᏴᏂᏙᎮᎢ.,
Mismatched asterisk count: Syllabary(1) vs Phonetic(0),298c6ffd7ffe41b2,lily-dict.csv,,[ᏣᎳᎩ ᏅᎩᏁ ᏗᏂᏂᏙᎯ ᏗᏕᏲᏙᏗ],"ᎦᏙ ᎤᏍᏗ ᎠᏓᏁᎭ? ᎭᏑᏯᎩ. ᏙᏗᏍᎩᏂᎥᏏ: Ꭰ) ᏪᏌ, Ꭱ) ᏅᏯ, Ꭲ) *ᏐᏈᎵ*.",
Mismatched asterisk count: Syllabary(1) vs Phonetic(0),73b61718f0f3c3f7,lily-dict.csv,,[King pg 121],ᎤᎾᏕᏯᏔᏁᎴᎢ ᎠᏂᏍᎦᏯ *ᏐᏊ* ᎠᎪᎶᏍᎬᎢ.,
Mismatched asterisk count: Syllabary(1) vs Phonetic(0),46c1e78361a99eb3,lily-dict.csv,,[ᎷᎦ 17:17],… ᏝᏍᎪ ᎠᏍᎪᎯ ᏱᎨᏥᏅᎦᎸᎡᎢ? ᎠᏎᏃ *ᏐᎣᏁᎳ* ᎢᏯᏂᏛ ᎭᏢ?,
Mismatched asterisk count: Syllabary(1) vs Phonetic(0),a8a2e6ab46a456b5,lily-dict.csv,,[ᎹᏚ 18:12],"ᎦᏙ ᎢᏤᎵᎭ; ᎢᏳᏃ ᎩᎶ ᎠᏍᎦᏯ ᎠᏍᎪᎯᏧᏈ ᎠᏫ ᏱᏚᎾᏝᎠ, ᏌᏉᏃ ᏳᎴᏲᎡᎸ, ᏝᏍᎪ *ᏐᎣᏁᎳᏍᎪᎯ* ᏐᎣᏁᎳᎦᎵ ᎢᏯᏂᏛ ᏱᏗᎬᏕᎪᎢ, ᎠᎴ ᏱᏗᎧᎾᎷᏏᏙᎰ ᎦᏚᏏ ᏳᏲᎰ ᎤᎴᏲᎡᎸᎯ?",
Mismatched asterisk count: Syllabary(1) vs Phonetic(0),14b3db767f76fbd9,lily-dict.csv,,[ᎹᎦ 4:8],"… ᎠᎴ ᎤᎵᏰᏁᎢ, ᎠᎴ ᎠᏛᏍᎨᎢ, ᎠᎴ ᎧᏁᏉᎨᎢ, ᎠᎴ ᎤᎦᏔᏔᏁᎢ, ᎢᎦᏛ ᏦᎠᏍᎪᎯ ᎢᏳᏩᎫᏗ, ᎢᎦᏛᏃ *ᏑᏓᎵᏍᎪᎯ*, ᎢᎦᏛᏃ ᎠᏍᎪᎯᏧᏈ.",
Mismatched asterisk count: Syllabary(1) vs Phonetic(0),14c988fdee20e522,lily-dict.csv,,[ᎼᏏ ᎢᎬᏱᏱ 30:20],… ᏅᏗᎦᎵᏍᏙᏗᎭ *ᏑᏓᎵ* ᏕᏥᎾᏄᎪᏫᏎᎸ ᎠᏂᏧᏣ; ᏤᏆᎳᏂᏃ ᏚᏬᎡᎢ.,
Mismatched asterisk count: Syllabary(1) vs Phonetic(0),efb535489ccaa819,lily-dict.csv,,[ᏥᎻ: 4:13],"… ᎪᎯ ᎢᎦ ᎠᎴ *ᏑᎾᎴᎢ* ᏓᏲᏤᏏ ᎨᎯ ᏗᎦᏚᎲᎢ, ᏑᏕᏘᏴᏛᏃ ᏬᏤᎮᏍᏗ …",
Mismatched asterisk count: Syllabary(1) vs Phonetic(0),48f2e4454f76e06b,lily-dict.csv,,[ᎼᏏ ᎢᎬᏱᏱ 29:28],"ᏤᎦᏈᏃ ᎾᏍᎩ ᏄᏛᏁᎴᎢ, ᎠᎴ ᎾᏍᎩ ᎤᏤᎵ *ᏑᎾᏙᏓᏆᏍᏗ* ᎨᏒ ᎤᏍᏆᏕᎴᎢ; …",
Mismatched asterisk count: Syllabary(1) vs Phonetic(0),6fc99081c0851c06,lily-dict.csv,,[ᏣᎳᎩ ᏔᎵᏁ ᏗᏂᏂᏙᎯ ᏗᏕᏲᏙᏗ],"*ᏔᎵ* ᎢᎦ ᏌᏌ ᎤᎾᏛᎦᎾ ᎩᏟ ᏕᎦᏃᎩᏍᏗᏍᎬ,",
Mismatched asterisk count: Syllabary(1) vs Phonetic(0),9ca858772c6b6f27,lily-dict.csv,,[ᎼᏏ ᎢᎬᏱᏱ 40:16],"… ᎠᏴ ᎾᏍᏉ ᎦᏍᎩᏓᏍᎬᎩ, ᎠᎴ ᎬᏂᏳᏉ ᏦᎢ *ᏔᎷᏣ* ᎦᏚ ᎤᏂᏁᎬ ᏗᎦᎶᏗ ᏓᏆᏃᏍᏛᎩ;",
Mismatched asterisk count: Syllabary(1) vs Phonetic(0),2833b7928a1aa239,lily-dict.csv,,[ᎼᏏ ᎢᎬᏱᏱ 40:10],… ᎠᎴ ᎠᏥᎸᏍᎬᎩ; ᎠᎴ *ᏖᎸᎳᏗ* ᎤᏅᎾᏏᏛ ᎤᎾᏓᏛᏅᎩ;,
Mismatched asterisk count: Syllabary(1) vs Phonetic(0),361ae3afdfa72caa,lily-dict.csv,,[King pg 121],“ᎨᎾ ᏎᎦ *ᏘᎾ* ᏗᎬᎢᏏ”.,
Mismatched asterisk count: Syllabary(1) vs Phonetic(0),462ac75f7995ae3b,lily-dict.csv,,[ᏣᎳᎩ ᏔᎵᏁ ᏗᏂᏂᏙᎯ ᏗᏕᏲᏙᏗ],ᏌᏊ *ᏥᏍᏚ* ᎤᏛᎦᎾ ᎩᏟ ᏕᎦᏃᎩᏍᏗᏍᎬ.,
Mismatched asterisk count: Syllabary(1) vs Phonetic(0),b4f15fa9c070c1c0,lily-dict.csv,,[ᏧᏁᎶᏗ ᏚᏂᎩᏒᏒᎢ],ᎡᏘ ᎢᏳᏂᏪᏍᏗ ᏥᎨᏎ ᏌᏉ *ᏥᏍᏆ* ᏲᏒᎦᎸ ᎤᏟ ᎢᎦ ᏧᎬᏩᎶᏗ …,
Mismatched asterisk count: Syllabary(1) vs Phonetic(0),1cec42d3e6f8f6d7,lily-dict.csv,,[ᎹᏚ 10:29],"ᏝᏍᎪ ᎠᏂᏔᎵ *ᏥᏍᏆᏯ* ᏌᏉ ᎢᏯᏓᏅᏖᏗ ᏧᎾᎬᏩᎶᏗ ᏱᎩ, …",
Mismatched asterisk count: Syllabary(2) vs Phonetic(0),fb53952cb26f4f3d,lily-dict.csv,,[ᎹᏚ 12:40],"ᏦᎾᏰᏃ *ᏦᎢ* ᎢᎦ ᎠᎴ *ᏦᎢ* ᏒᏃᏱ ᎠᏣᏗ ᎡᏆ ᎤᏍᏉᎵᏱ ᏣᏯᎡᎢ, …",
Mismatched asterisk count: Syllabary(1) vs Phonetic(0),2243e3cf6ac929fe,lily-dict.csv,,[ᎷᎦ 13:29],"ᏗᎧᎸᎬᏃ ᎢᏗᏢ ᏗᏂᎶᏍᎨᏍᏗ, ᎠᎴ ᏭᏕᎵᎬᎢ, ᎠᎴ ᏧᏴᏢᎢ, ᎠᎴ *ᏧᎦᎾᏮᎢ*, …",
Mismatched asterisk count: Syllabary(1) vs Phonetic(0),e1a4ee75d81408f3,lily-dict.csv,,[ᏧᏁᎶᏗ ᏚᏂᎩᏒᏒᎢ],… ᎠᎴ ᎤᏲᎮᎸᎩ ᏕᎦᎶᏗ ᎠᎧᎵ *ᏧᎬᏩᎶᏗ*.,
Mismatched asterisk count: Syllabary(1) vs Phonetic(0),7580a205a3c43428,lily-dict.csv,,[ᎷᎦ 13:29],"ᏗᎧᎸᎬᏃ ᎢᏗᏢ ᏗᏂᎶᏍᎨᏍᏗ, ᎠᎴ ᏭᏕᎵᎬᎢ, ᎠᎴ *ᏧᏴᏢᎢ*, ᎠᎴ ᏧᎦᎾᏮᎢ, …",
Mismatched asterisk count: Syllabary(1) vs Phonetic(0),57a8f0759afacfdc,lily-dict.csv,,[ᎹᏚ 8:20],"*ᏧᎳ* ᏚᏂᏔᎴᏐᎢ, ᏥᏍᏆᏃ ᎦᎸᎶ ᎠᏁᎯ ᏚᎾᏁᏍᏓᏝᎰᎢ, …",
Mismatched asterisk count: Syllabary(1) vs Phonetic(0),5bd1574a7789e74f,lily-dict.csv,,[King pg113],*ᏧᎳᏍᎩ* ᎬᏂᏍᎦ ᎠᎵᏍᏓᏴᏗ.,
Mismatched asterisk count: Syllabary(1) vs Phonetic(0),48b967673423407f,lily-dict.csv,,[King pg 115],ᏎᎷ ᏃᎴ *ᏚᏯ* ᎨᎬᏂᏍᏓᏁ ᏗᏂᏲᎵ ᎡᏥᏂ.,
Mismatched asterisk count: Syllabary(1) vs Phonetic(0),691166ead75d5daa,lily-dict.csv,,[ᏧᏁᎶᏗ ᏚᏂᎩᏒᏒᎢ],"ᎥᏝ ᏌᏉ ᏱᎬᏩᏜᏍᏗ ᎡᎯᏍᏗ ᎢᏯᏓᏛᏁᎯ, *ᏧᎾᏓᎨᏳᎯᏉᏍᎩᏂ* ᎠᎴ ᎾᏂᏍᎦᏅᎾ.",
Mismatched asterisk count: Syllabary(1) vs Phonetic(0),72f81aa91a5ec64d,lily-dict.csv,,[ᏧᏁᎶᏗ ᏚᏂᎩᏒᏒᎢ],ᎿᏉ ᏂᎦᎥ ᎬᏂᎨᏒᏉᏃ ᏂᏚᏩᏁᎸ *ᎤᏓᎵᎢ*.,
Mismatched asterisk count: Syllabary(1) vs Phonetic(0),ae4069afda8c877d,lily-dict.csv,,[ᏧᏁᎶᏗ ᏚᏂᎩᏒᏒᎢ],ᎯᎠᏍᎩᏂ ᎧᏅᏑᎸ ᏴᏫ *ᎤᏓᏅᏙ* ᎦᏃᎮᏛ ᎣᏍᏛ ᎤᏬᏢᎯᏌᏁᎸᎯ ᏂᎨᏒᎾ.,
Mismatched asterisk count: Syllabary(1) vs Phonetic(0),73b8065f64d50ece,lily-dict.csv,,[ᎼᏏ ᎢᎬᏱᏱ 3:2],ᎠᎨᏴᏃ ᎯᎠ ᏄᏪᏎᎴ ᎢᎾᏛ; ᏰᎵᏉ ᎦᏲᎩᏂᎩᏍᏗ *ᎤᏓᏔᏅᎯ* ᎠᏫᏒᏗᏱ ᏥᏕᏡᎦ.,
Mismatched asterisk count: Syllabary(1) vs Phonetic(0),ee5846523426395e,lily-dict.csv,,[ᎹᏚ 5:29],"… ᎭᏓᎦᏖᏙᎢᏍᎨᏍᏗ, ᎠᎴ *ᏣᏕᎨᏍᏗ*; …",
Mismatched asterisk count: Syllabary(1) vs Phonetic(0),3601e71aea46c199,lily-dict.csv,,[ᏣᎳᎩ ᏔᎵᏁ ᏗᏂᏂᏙᎯ ᏗᏕᏲᏙᏗ],ᏭᏕᏁ ᏏᏉᏯ ᎦᎵᏆᏚ ᏑᏓᎵᏍᎪ ᎦᎵᏉᎩ *ᎤᏕᏗᏴᏌᏗᏒᎢ*.,
Mismatched asterisk count: Syllabary(1) vs Phonetic(0),02863028904e0cd5,lily-dict.csv,,[ᎹᏚ 2:1],"ᏥᏌᏃ *ᎤᏕᏅ* ᎦᏚᏱ ᎦᏚᎲ ᏧᏗᏱ, …",
Mismatched asterisk count: Syllabary(2) vs Phonetic(0),32055d7e273753e7,lily-dict.csv,,[ᏣᎳᎩ ᏔᎵᏁ ᏗᏂᏂᏙᎯ ᏗᏕᏲᏙᏗ],ᎤᏍᏗᎢ *ᎠᎩᏙ* ᎡᎭ. ᏥᎦᏴᎵᏯ ᏏᏅ *ᎠᎩᏙ* ᎨᏒᎢ.,
Mismatched asterisk count: Syllabary(1) vs Phonetic(0),cfdf1eb39839a4a9,lily-dict.csv,,[ᎹᏚ 4:22],"ᎩᎳᏉᏃ ᎢᏴᏛ ᏚᏂᏲᏎ ᏥᏳ ᎠᎴ *ᎤᏂᏙᏓ*, ᎠᎴ ᎬᏩᏍᏓᏩᏛᏎᎢ.",
Mismatched asterisk count: Syllabary(1) vs Phonetic(0),89cdb9e2c6f749f6,lily-dict.csv,,[King pg 115],ᎠᏂᎨᏯ ᎤᎾᏓᏍᏓᏴᏗ *ᎤᎾᏚᎵᎭ* ᎠᏂᏍᎦᏯ.,
Mismatched asterisk count: Syllabary(1) vs Phonetic(0),8a034a6aae121d76,lily-dict.csv,,[ᏣᎳᎩ ᏔᎵᏁ ᏗᏂᏂᏙᎯ ᏗᏕᏲᏙᏗ],ᎤᎪᏗ *ᎤᎦᎾᏍᏓ* ᏴᎩᎠ ᏱᏓᏓᏲᏍᏓᏍ ᏛᎦᏅᏙᎬ.,
Mismatched asterisk count: Syllabary(1) vs Phonetic(0),940e849c0818cf60,lily-dict.csv,,[ᏣᎳᎩ ᏦᎢᏁ ᏗᏂᏂᏙᎯ ᏗᏕᏲᏙᏗ],"ᎠᎬᏱᎨᏒ, *ᎤᎫᎫ* ᎤᏛᏛᏁ.",
Mismatched asterisk count: Syllabary(1) vs Phonetic(0),5adb6c0f16b8ca15,lily-dict.csv,,[ᏧᏁᎶᏗ ᏚᏂᎩᏒᏒᎢ],"*ᎤᎬᏫᏳᎯ*, ᎾᎿ ᎤᎬᏫᏳᏌᏕᎩ, ᎾᏍᎩ ᎤᏬᏪᎳ ᎯᎠ ᎪᏪᎵᎯ …",
Mismatched asterisk count: Syllabary(1) vs Phonetic(0),0c0b495096724fb8,lily-dict.csv,,[ᎼᏏ ᎢᎬᏱᏱ 2:24],"ᎾᏍᎩᏃ ᎢᏳᏍᏗ ᎠᏍᎦᏯ ᏕᎬᏕᎨᏍᏗ ᎤᏙᏓ ᎠᎴ ᎤᏥ, ᎤᏓᎵᎢᏃ ᎠᏜᏫᏍᏗᏍᎨᏍᏗ, ᎾᏍᎩᏃ ᏌᏉᏉ *ᎤᏂᏇᏓᎸᎢ* ᎨᏎᏍᏗ.",
Mismatched asterisk count: Syllabary(1) vs Phonetic(0),84ce92929a1ab2aa,lily-dict.csv,,[ᏣᎳᎩ ᏔᎵᏁ ᏗᏂᏂᏙᎯ ᏗᏕᏲᏙᏗ],ᎯᎳᎢᎦ ᎠᏕᎳ *ᏱᏗᏣᎭ*?,
Mismatched asterisk count: Syllabary(1) vs Phonetic(0),8da47ad0d1217bbc,lily-dict.csv,,[ᏧᏁᎶᏗ ᏚᏂᎩᏒᏒᎢ],ᎠᎴ ᎠᏓᎯᎯ ᏗᎪᏢᏒ ᎢᏗᏢ ᏥᏫᏗᏣᎦᏔᏁ *ᏗᏣᎳᏏᏕᏂ*.,
Mismatched asterisk count: Syllabary(1) vs Phonetic(0),3489b997c141eb2c,lily-dict.csv,,[ᏣᏂ 2:17],ᎬᏩᏍᏓᏩᏗᏙᎯᏃ *ᎤᎾᏅᏓᏛᎩ* ᎯᎠ ᏂᎬᏅ ᎪᏪᎸᎢ; “ᏣᏤᎵ ᎠᏓᏁᎸ ᏓᏇᎷᎬ ᎠᎩᏯᎣᏅ.”,
Mismatched asterisk count: Syllabary(1) vs Phonetic(0),c96e4012f9a189f2,lily-dict.csv,,[ᏥᎻ 1:5],"ᎢᏳᏃ ᎩᎶ ᏂᎯ ᎢᏤᎲ ᎠᎦᏙᎥᎯᏍᏗ ᎨᏒ *ᎤᏂᎬᎨᏍᏗ*, …",
Mismatched asterisk count: Syllabary(1) vs Phonetic(0),43657116f892eea4,lily-dict.csv,,[ᎼᏏ ᎢᎬᏱᏱ 9:14],"ᎠᎴ ᎯᎠ ᏅᏓᎦᎵᏍᏔᏂ ᎿᏉ ᏥᎶᎩᎳᏗᏍᏗᏍᎨᏍᏗ ᎡᎶᎯ, *ᎤᏅᎪᎳᏛ* ᎠᎪᏩᏛᏗ ᏂᎦᎵᏍᏗᏍᎨᏍᏗ ᎤᎶᎩᎸᎢ.",
Mismatched asterisk count: Syllabary(1) vs Phonetic(0),1c5144f2667049df,lily-dict.csv,,[ᏣᏂ 7:37],"… ᎢᏳᏃ ᎩᎶ *ᎤᏔᏕᎩᏍᎨᏍᏗ*, ᎠᏴ ᏩᎩᎷᏥ, ᎠᎴ ᏩᏗᏔ.",
Mismatched asterisk count: Syllabary(1) vs Phonetic(0),4ebc5442697543e8,lily-dict.csv,,[ᏣᎳᎩ ᏔᎵᏁ ᏗᏂᏂᏙᎯ ᏗᏕᏲᏙᏗ],ᎡᎵᏊᏍ *ᏱᏣᏩᎯ* ᏓᏟᎶᏍᏛ? ᎥᎥ ᎠᎴ Ꮭ ᎯᏕᏯᏍᏓ.,
Mismatched asterisk count: Syllabary(1) vs Phonetic(0),d7d4e733d51a474b,lily-dict.csv,,[ᏧᏁᎶᏗ ᏚᏂᎩᏒᏒᎢ],"… *ᎤᏪᎷᏅᏉ* ᎠᏍᏓᏱᏳ ᎯᎠ ᏄᏪᏒᎩ, “ᎦᏙᏃ ᏓᎦᏛᏁᎵ ᏰᎵ ᎦᏴᎩᏍᏕᎸᏗ ᏅᏓᎦᎵᏍᏔᏂ?”",
Mismatched asterisk count: Syllabary(1) vs Phonetic(0),858ced4909da94ed,lily-dict.csv,,[ᎼᏏ ᎢᎬᏱᏱ 29:32],… ᎿᏉᏰᏃ *ᎠᎩᏰᎯ* ᎠᏎ ᎠᎩᎨᏳᏍᏗ.,
Mismatched asterisk count: Syllabary(1) vs Phonetic(0),379a29f14cca3492,lily-dict.csv,,[ᎶᎻ 3:14],ᎾᏍᎩ ᏗᏂᎰᎵ ᏗᎧᎵᏬᎯ ᎠᏓᏍᎩᏅᏗᏍᏗ ᎨᏒ ᎠᎴ *ᎤᏴᏍᏗ* ᎨᏒᎢ.,
Mismatched asterisk count: Syllabary(1) vs Phonetic(0),0290df6b3599d086,lily-dict.csv,,[ᎼᏏ ᎢᎬᏱᏱ 3:19],"ᎠᎵ ᏣᎸᎯ *ᏣᎧᏛᎢ* ᎦᏚ ᎯᎩᏍᎨᏍᏗ ᎬᏂ ᎦᏙᎯ ᏫᎯᎷᏥᏌᏅᎭ, ᎾᎿᏰᏃ ᏪᏣᏯᏅᏛ; ᎦᏓᏰᏃ ᏂᎯ, ᎠᎴ ᎦᏙᎯ ᏮᏛᎯᎷᏥᏌᏂ.",
Mismatched asterisk count: Syllabary(1) vs Phonetic(0),8c2071bd5864158d,lily-dict.csv,,[ᏣᏂ 12:14],"ᏥᏌᏃ ᎤᏩᏛᎲ ᎠᎩᎾ ᏐᏈᎵ-ᏗᎦᎵᎠᏅᎯᏛ, *ᎤᎩᎸᏅᎩ*, ᎾᏍᎩᏯ ᎯᎠ ᏥᏂᎬᏅ ᏥᎪᏪᎳ;",
Mismatched asterisk count: Syllabary(1) vs Phonetic(0),18d3338961d49346,lily-dict.csv,,[ᎼᏏ ᎢᎬᏱᏱ 47:23],"… ᎬᏂᏳᏉ ᎠᏉ ᎠᎭ *ᎤᎦᏔ* ᎢᏥᎩᏍᏗ, ᎠᎴ ᏓᏥᏫᏏ ᎦᏙᎯ.",
Mismatched asterisk count: Syllabary(1) vs Phonetic(0),a7e0baaebf4dd764,lily-dict.csv,,[ᏣᎳᎩ ᏦᎢᏁ ᏗᏂᏂᏙᎯ ᏗᏕᏲᏙᏗ],ᏧᏁᎳ ᎢᏳᏕᏗᏴᏓ ᎨᏎᎢ ᏌᎻ ᎦᏓᎫᎫ *ᎤᎵᏏ* ᎤᏩᏛᎲᎢ.,
Mismatched asterisk count: Syllabary(1) vs Phonetic(0),b59bd3f5538ee119,lily-dict.csv,,[ᎹᏚ 24:28],"ᎢᎸᎯᏢᏰᏃ ᎪᎱᏍᏗ *ᎤᎵᏬᏨᎯ* ᏥᎦᏃᎢ, ᎾᎿ ᎠᏬᎭᎵ ᎠᎾᏓᏟᏏᏍᎪᎢ.",
Mismatched asterisk count: Syllabary(1) vs Phonetic(0),043cc5c8f8198590,lily-dict.csv,,[ᎼᏏ ᎢᎬᏱᏱ 9:16],"ᎠᎴ *ᎤᎶᎩᎸ* ᎤᏅᎪᎳᏖᏍᏗ; ᎠᎴ ᏕᎦᎦᏂᏍᎨᏍᏗ ᎾᏍᎩ ᎠᏆᏅᏗᏓᏍᏗᏱ ᎤᎵᏍᏆᏗᏍᏗ ᏂᎨᏒᎾ ᎧᏃᎮᏛ ᏚᎾᏠᎯᏍᏛ ᎤᏁᎳᏅᎯ ᎠᎴ ᎾᏂᎥ ᏗᏅᏃᏛ, ᎾᏍᎩ ᎤᏂᏇᏓᎵ ᏥᎩ, ᎾᏍᎩ ᎡᎶᎯ ᏣᏁᎭ.",
Mismatched asterisk count: Syllabary(1) vs Phonetic(0),00ecdc254e8d3c3d,lily-dict.csv,,[ᎹᏚ 27:62],"ᎠᎴ ᎤᎩᏨᏛ, ᎠᏛᏅᎢᏍᏙᏗᏱ *ᎢᎦ ᎤᎶᏐᏅᎯ*, ᏄᏂᎬᏫᏳᏒ ᎠᏥᎸ-ᎠᏁᎶᎯ ᎠᎴ ᎠᏂᏆᎵᏏ ᏕᎬᏩᎳᏫᏤ ᏆᎴᏗ,",
Mismatched asterisk count: Syllabary(1) vs Phonetic(0),619fdbd097faf810,lily-dict.csv,,[ᏣᎳᎩ ᏔᎵᏁ ᏗᏂᏂᏙᎯ ᏗᏕᏲᏙᏗ],ᎩᏟ ᎧᏴᏌᏛ ᎥᏍᏊ ᎤᏍᏕᎵᏍᎨ *ᎤᎵᏍᏓᏴᏗ* ᎤᏩᏛᏗ.,
Mismatched asterisk count: Syllabary(1) vs Phonetic(0),ff968207e4c91d4c,lily-dict.csv,,[ᎼᏏ ᎢᎬᏱᏱ 30:1],"ᎴᏥᎵᏃ ᎤᏙᎴᎰᏒ ᏤᎦᏈ ᏂᎦᎷᎸᏁᎲᎾ ᎨᏒᎢ, ᎤᏩᏳᏤᎴ *ᎤᎸᎢ*; ᎯᎠᏃ ᏄᏪᏎᎴ ᏤᎦᏈ, ᏗᏂᏲᎵ ᏗᏍᎩᎧᏏ, ᎢᏳᏰᏃ ᏱᏝ, ᏓᏥᏲᎤᏏ.",
Mismatched asterisk count: Syllabary(1) vs Phonetic(0),ef26bc193f742679,lily-dict.csv,,[ᎷᎦ 22:36],"ᎿᏉᏃ ᎯᎠ ᏂᏚᏪᏎᎴᎢ, ᎪᎯᏍᎩᏂ ᏥᎩ, ᎩᎶ ᎠᏕᎸ-ᏗᎦᎶᏗ *ᎤᎾᎡᏍᏗ*, ᎦᏁᎨᏍᏗ, ᎠᎴ ᎾᏍᏉ ᏕᎦᎶᏗ; ᎩᎶᏃ ᎠᏰᎳᏍᏗ ᎦᏅᎯᏛ ᏄᏩᏴᎾ ᎨᏎᏍᏗ, ᏫᎦᎾᏚᎦ ᎤᏄᏬ ᎠᎴ ᏭᏩᎯ.",
Mismatched asterisk count: Syllabary(1) vs Phonetic(0),bbf16cc7952fdfc4,lily-dict.csv,,[ᎼᏏ ᎢᎬᏱᏱ 37:2],… ᏦᏩ ᎦᎵᏆᏚ ᎢᏳᏕᏘᏴᏛ ᎨᏎ ᏧᏂᎵ *ᎤᎾᎵᎪᎭ* ᏓᏅᎿᏗᏍᏗᏍᎨ ᎠᏫ; …,
Mismatched asterisk count: Syllabary(1) vs Phonetic(0),66df74489fd0e523,lily-dict.csv,,[ᏧᏁᎶᏍᏗ ᏚᏂᎩᏒᏒᎢ - ᎣᏍᏛ ᏧᏰᎸᎯ ᏴᏫ],ᎾᏉᏃ ᏧᏁᎶᏗ *ᎤᎾᎵᎢᏃ* ᏚᎾᏓᏲ.,
Mismatched asterisk count: Syllabary(1) vs Phonetic(0),42e305640ff36084,lily-dict.csv,,[ᏧᏁᎶᏗ ᏚᏂᎩᏒᏒᎢ],"ᎾᏉᏃ ᏧᏁᎶᏗ ᎦᎵᎡᎵᎦ, ᎠᎴ *ᎠᎩᎾᏫᎠ* ᎤᏛᏅᎩ.",
Mismatched asterisk count: Syllabary(1) vs Phonetic(0),ac20b6cf8f0fa5ca,lily-dict.csv,,[ᎷᎦ 12:33],*ᎢᏥᎾᏕᎨᏍᏗ* ᎢᏥᎿᎥᎢ ᎠᎴ ᎢᏣᏓᏁᎸᎥᏍᎨᏍᏗ; …,
Mismatched asterisk count: Syllabary(1) vs Phonetic(0),881494821e385bbf,lily-dict.csv,,[ᎹᏚ 5:36],… ᏝᏰᏃ ᏰᎵ ᏌᏉ ᎩᏢ *ᎤᏁᎬ* ᎠᎴ ᎬᎿᎨ ᏱᏅᎦᎲᎦ.,
Mismatched asterisk count: Syllabary(1) vs Phonetic(0),5f0ae821844afac3,lily-dict.csv,,[ᏧᏁᎶᏗ ᏚᏂᎩᏒᏒᎢ],… ᏂᎪᎯᎸ ᏗᎨᎦᏓᏂᎸᏨᎯᏉ ᎠᏂᏙᎾᎣ *ᎤᏁᎳᏅᎯ* ᎠᎦᏔᎲᎢ.,
Mismatched asterisk count: Syllabary(1) vs Phonetic(0),5ab06d62cca97444,lily-dict.csv,,[ᏥᎻ 1:5],"ᎢᏳᏃ ᎩᎶ ᏂᎯ ᎢᏤᎲ ᎠᎦᏙᎥᎯᏍᏗ ᎨᏒ *ᎤᏂᎬᎨᏍᏗ*, ᎤᏁᎳᏅᎯ ᎠᏔᏲᏎᎮᏍᏗ …",
Mismatched asterisk count: Syllabary(1) vs Phonetic(0),a1fc0d7d9e00fb56,lily-dict.csv,,[ᏣᏂ 6:66],"ᎠᎴ ᎾᎯᏳ ᎢᏳᏓᎴᏅᏛ *ᎤᏂᏣᏛ* ᎬᏩᏍᏓᏩᏗᏙᎯ ᎤᎾᏨᏒᎩ, ᎠᎴ ᎥᏝ ᎿᏉ ᎢᎸᎯᏳ ᏳᏁᏙᎴᎢ.",
Mismatched asterisk count: Syllabary(1) vs Phonetic(0),60f447367c3d215d,lily-dict.csv,,[ᎼᏏ ᎢᎬᏱᏱ 1:20],… ᎠᎴ *ᎤᏂᏣᏘ* ᏫᎾᎾᎵᏍᏓ ᎾᎿ ᎠᏰᎵ ᎨᏒ ᎡᎶᎯ.,
Mismatched asterisk count: Syllabary(1) vs Phonetic(0),a9e66017327371d3,lily-dict.csv,,[ᏣᎳᎩ ᏔᎵᏁ ᏗᏂᏂᏙᎯ ᏗᏕᏲᏙᏗ],ᏔᏎᎦ *ᎤᏂᏃᏕᎾ* ᎠᏁᏙᎲ.,
Mismatched asterisk count: Syllabary(1) vs Phonetic(0),15ad39e438cdcaba,lily-dict.csv,,[ᎹᏚ 17:16],ᎦᏥᏔᏲᏎᎸᏃ ᎨᏣᏍᏓᏩᏗᏙᎯ ᎤᏂᏄᎪᏫᏍᏗᏱ; ᎠᏎᏃ *ᎤᏂᏄᎸᏅᎩ*.,
Mismatched asterisk count: Syllabary(1) vs Phonetic(0),04262d9b5c9b0362,lily-dict.csv,,[ᏣᎳᎩ ᏔᎵᏁ ᏗᏂᏂᏙᎯ ᏗᏕᏲᏙᏗ],"ᏘᏑᏫ *ᎤᏁᏍᏓᎳ ᎤᏅᏗ*, ᏗᏑᏫᏍᏗ ᏘᏍᏓᏩᏚᎦ.",
Mismatched asterisk count: Syllabary(1) vs Phonetic(0),e23c6ff32d0c328d,lily-dict.csv,,[ᏣᎳᎩ ᏦᎢᏁ ᏗᏂᏂᏙᎯ ᏗᏕᏲᏙᏗ],*ᎤᏍᏓᎦᎸᎢ* ᎠᏲᎭ. Ꮭ ᏯᏩᏘᎭ.,
Mismatched asterisk count: Syllabary(1) vs Phonetic(0),f2e67536244b5adf,lily-dict.csv,,[ᏧᏁᎶᏗ ᏚᏂᎩᏒᏒᎢ],ᏝᏍᎪᏃ ᏳᏫᎬᏯᏎᎮᎴ *ᎤᏍᏗ* ᎦᎶᎯᏍᏗ ᏗᎪᏢᏒᎢ ᏫᏣᎶᎯᏍᏗᏱ?,
Mismatched asterisk count: Syllabary(1) vs Phonetic(0),73aa4355140bcb2c,lily-dict.csv,,[ᏣᎳᎩ ᏔᎵᏁ ᏗᏂᏂᏙᎯ ᏗᏕᏲᏙᏗ],*ᎤᏍᏗᎢ* ᎠᎩᏙ ᎡᎭ. ᏥᎦᏴᎵᏯ ᏏᏅ ᎠᎩᏙ ᎨᏒᎢ.,
Mismatched asterisk count: Syllabary(1) vs Phonetic(0),4400e9615025236e,lily-dict.csv,,[King pg 122],… “ᎢᏣᏙᎴᏆᏍᎨᏍᏗ ᏗᏓᏅᏬ ᏅᏬᏗ *ᎢᏥᏍᏗᏳ* ᏓᏨᏰᏲᏂ”,
Mismatched asterisk count: Syllabary(1) vs Phonetic(0),a2e49eb68ad07d25,lily-dict.csv,,[ᎹᏚ 5:43],"ᎢᏣᏛᎦᏅᎯ ᎢᎩ ᎯᎠ ᎢᎦᏪᏛ ᎨᏒᎢ; ᎯᎨᏳᏎᏍᏗ ᎾᎥ ᎢᏗᏍᏓᏓᎳ, ᎯᏍᎦᎨᏍᏗᏃ *ᏣᏍᎦᎩ*.",
Mismatched asterisk count: Syllabary(1) vs Phonetic(0),f2f4d4c526b87f3b,lily-dict.csv,,[ᎼᏏ ᎢᎬᏱᏱ 31:29],"… ᎠᏎᏃ ᎢᏥᏙᏓ ᎤᏤᎵᎦ ᎤᎾᎳᏅᎯ ᎠᎩᏁᏤᎸᎩ *ᎤᏒᎯ ᏒᏃᏱ*, ᎯᎠ ᏄᏪᏒᎩ; …",
Mismatched asterisk count: Syllabary(1) vs Phonetic(0),a91d8879590136a4,lily-dict.csv,,[ᏣᎳᎩ ᏔᎵᏁ ᏗᏂᏂᏙᎯ ᏗᏕᏲᏙᏗ],ᏔᎵᏁ ᎤᏂᎦᎵᏎ *ᎤᏣᎴᏍᏗ*.,
Mismatched asterisk count: Syllabary(1) vs Phonetic(0),d7cb54e01d090d6b,lily-dict.csv,,[ᏧᏁᎶᏗ ᏚᏂᎩᏒᏒᎢ],ᎠᎴ *ᎤᏣᏘ* ᎡᎯᏍᏗ ᎤᏓᏅᏛᎩ;,
Mismatched asterisk count: Syllabary(1) vs Phonetic(0),8174161ccd9a764f,lily-dict.csv,,[ᏣᎳᎩ ᏔᎵᏁ ᏗᏂᏂᏙᎯ ᏗᏕᏲᏙᏗ],“ᎫᏇ? ᎫᏇ! ᎭᏢ *ᎠᏆᏤᎵ* ᎠᏤᏡᎯᏍᏗ?”,
Mismatched asterisk count: Syllabary(1) vs Phonetic(0),9e095e9b2b951db3,lily-dict.csv,,[ᎼᏏ ᎢᎬᏱᏱ 3:20],"ᎠᏓᏫᏃ ᎢᏫ ᏚᏬᎡ ᎤᏓᎵᎢ, ᏂᎦᏛᏰᏃ ᏴᏫ ᏗᏅᏃᏛ ᎾᏍᎩ *ᎤᏂᏥ* ᎨᏎᎢ.",
Mismatched asterisk count: Syllabary(1) vs Phonetic(0),7fba5b5bc04a1026,lily-dict.csv,,[ᎷᎦ 16:5],"… ᎢᎬᏱᏱᏃ ᎯᎠ ᏄᏪᏎᎴᎢ, ᎢᎳᎪ ᎢᎦᎢ *ᏣᏚᎦ* ᎠᎩᏅᏏᏙᎯ.",
Mismatched asterisk count: Syllabary(1) vs Phonetic(0),d4460a80ca8964c9,lily-dict.csv,,[ᎼᏏ ᎢᎬᏱᏱ 47:18],"… ᎠᎴ ᎾᏍᏉ ᏣᎬᏫᏳᎯ *ᏕᏣᎧᎭ* ᎦᎾᏝᎢ ᏦᎩᎾᏢᏅᎯ; ᎥᏝ ᎿᏉ ᎪᎱᏍᏗ ᏲᎦᏘᏰᎭ ᎯᎦᏔᎲ ᏣᎬᏫᏳᎯ, ᏦᏥᏰᎸ ᎠᎴ ᎦᏓ ᏙᎩᎲ ᎤᏩᏒ.",
Mismatched asterisk count: Syllabary(1) vs Phonetic(0),a16f56b0af3b05d6,lily-dict.csv,,[ᏣᎳᎩ ᏦᎢᏁ ᏗᏂᏂᏙᎯ ᏗᏕᏲᏙᏗ],ᎦᏙ ᏴᏫ *ᎤᏩᏂ* ᎦᏌᎴᎾ?,
Mismatched asterisk count: Syllabary(1) vs Phonetic(0),cb331b16ec35704e,lily-dict.csv,,[ᏧᏁᎶᏗ ᏚᏂᎩᏒᏒᎢ],ᎦᏙᏕᏃ ᏧᎵᏍᏙᏓᏅ *ᏨᏒ* ᏥᎷᏥᎦ.,
Mismatched asterisk count: Syllabary(1) vs Phonetic(0),574325e17ace3770,lily-dict.csv,,[ᏣᎳᎩ ᏦᎢᏁ ᏗᏂᏂᏙᎯ ᏗᏕᏲᏙᏗ],"ᎤᎿ ᏪᏙᎲᎢ, *ᎤᏪᏗ* ᎤᏍᏓᎦᎸ ᏭᏂᏴᏞᎢ.",
Mismatched asterisk count: Syllabary(1) vs Phonetic(0),fb493e8d6c1dc654,lily-dict.csv,,[King pg 116],*ᏗᏇᏅᏒᏃ* ᏗᎩᎸᏫᏍᏓᏁᏗ ᏃᎴ ᎠᏆᏙᏪᏐᎸᏍᏙᏗ.,
Mismatched asterisk count: Syllabary(1) vs Phonetic(0),9be7230addc112ec,lily-dict.csv,,[ᏣᎳᎩ ᏅᎩᏁ ᏗᏂᏂᏙᎯ ᏗᏕᏲᏙᏗ],ᏅᏓ ᎢᎦ ᎡᎯ *ᎤᏪᏥ ᎠᎨᏳᏣ*,
Mismatched asterisk count: Syllabary(1) vs Phonetic(0),c151d808daf47423,lily-dict.csv,,[King pg 120],"ᏙᏳ *ᎤᏬᏚᎯ* ᎠᎨᏳᏣ, ᎰᏩᎦ?",
Mismatched asterisk count: Syllabary(1) vs Phonetic(0),9b07dd7aadd0cf73,lily-dict.csv,,[ᏣᏂ 4:50],"… ᎠᎴ ᎾᏍᎩ ᎠᏍᎦᏯ *ᎤᏬᎯᏳᏅᎩ* ᏥᏌ ᏄᏪᏎᎸᎢ, ᎠᎴ ᎤᏪᏅᏒᎩ.",
Mismatched asterisk count: Syllabary(1) vs Phonetic(0),d288845ad857bdd2,lily-dict.csv,,[ᎨᏥᏅᏏᏛ ᏄᎾᏛᏁᎵᏙᎸᎢ 10:6],"ᎾᏍᎩ *ᎤᏬᎳ* ᎩᎶ ᎢᏳᏍᏗ ᎦᏁᎸ ᏌᏩᏂ ᏧᏙᎢᏛ, ᏗᏑᏫᏍᎩ, …",
Mismatched asterisk count: Syllabary(1) vs Phonetic(0),0bca1262c8720a25,lily-dict.csv,,[ᏧᏁᎶᏗ ᏚᏂᎩᏒᏒᎢ],"ᎾᏍᎩᏃ ᎤᎪᎲ ᎠᎵᏣᏙᏂᏙᎯ ᎠᎦᏗᏏ *ᎤᏬᏰᏂ* ᎤᏂᏴᎲᎩ, ᎯᎠ ᏄᏪᏎᎸᎩ, …",
Mismatched asterisk count: Syllabary(1) vs Phonetic(0),cd572e0ac4128ada,lily-dict.csv,,[ᎹᏚ 26:45],… ᎿᏉ ᎢᏥᎵᏅᎩ ᎠᎴ *ᎢᏥᏯᏪᏐᎸᎦ*; …,
Mismatched asterisk count: Syllabary(1) vs Phonetic(0),066c3db9a04559b0,lily-dict.csv,,[ᏧᏁᎶᏗ ᏚᏂᎩᏒᏒᎢ],"… ᎠᎴᏃ ᎾᏍᏉ, ᎦᎸᏉᏗᏳ ᎤᎬᏫᏳᎯ ᏣᏃᏁᎸ, ᎾᏍᎩ ᎩᎶ ᎬᏅ ᎢᎠᏩᏘᏍᎨᏍᏗ, ᎾᏍᎩ *ᎤᏲᎱᏎᏗ ᎨᏎᏍᏗ*; …",
Mismatched asterisk count: Syllabary(1) vs Phonetic(0),183b09a0c618f4b0,lily-dict.csv,,[ᎼᏏ ᎢᎬᏱᏱ 3:5],"… ᎠᎴ ᎤᏁᎳᏅᎯ ᏄᏍᏛ ᎾᏍᎩᏯ ᏂᏍᏓᏍᏕᏍᏗ, ᎢᏍᏗᎦᏔᎮᏍᏗ ᎣᏍᏛ ᎠᎴ *ᎤᏲᎢ*.",
Mismatched asterisk count: Syllabary(1) vs Phonetic(0),8fb762aa2787f904,lily-dict.csv,,[ᎶᎻ 12:20],"ᎾᏍᎩ ᎢᏳᏍᏗ, ᎢᏳᏃ ᏣᏍᎦᎩ ᎠᎪᏄ *ᎤᏲᏏᏍᎨᏍᏗ*, ᎯᏰᎶᎮᏍᏗ; …",
Mismatched asterisk count: Syllabary(1) vs Phonetic(0),8060f51bdf3f9fb8,lily-dict.csv,,[ᎹᏚ 3:4],… ᎤᎵᏍᏓᏴᏗᏃ *ᎥᎴ* ᎨᏎ ᎢᎾᎨᏃ ᎡᎯ ᏩᏚᎵᏏ.,
Mismatched asterisk count: Syllabary(1) vs Phonetic(0),8c4733fc03da256e,lily-dict.csv,,[ᏣᎳᎩ ᏔᎵᏁ ᏗᏂᏂᏙᎯ ᏗᏕᏲᏙᏗ],*ᎥᎥ* ᎠᎴ Ꮭ ᎰᏪᎸᎦ.,
Mismatched asterisk count: Syllabary(1) vs Phonetic(0),effc06d285f22f79,lily-dict.csv,,[ᎼᏏ ᎢᎬᏱᏱ 43:11],"… ᎠᎴ ᎤᏍᏗ *ᏩᏚᎵᏏ*, ᎠᎴ ᏗᎦᏩᏒᎩ, ᎠᎴ ᎻᎳ, ᎠᎴ ᎤᏅᏙᎩ ᎠᎾᏓᏛᏍᎩ, ᎠᎴ ᎠᎹᏂ.",
Mismatched asterisk count: Syllabary(1) vs Phonetic(0),0618c3d51d76ad41,lily-dict.csv,,[ᎼᏏ ᎢᎬᏱᏱ 49:27],"ᏇᏂ ᎦᏓᎦᎸᎥᏍᎨᏍᏗ *ᏩᏯ* ᎾᏍᎩᏯᎢ; ᏑᎾᎴ ᎦᏰᏍᎨᏍᏗ ᎤᏂᏴᏛ, …",
Mismatched asterisk count: Syllabary(1) vs Phonetic(0),95a5a21f99e5a652,lily-dict.csv,,[ᏧᏁᎶᏗ ᏚᏂᎩᏒᏒᎢ],"ᏓᎬᏃᏁᎵᏉ, ᎾᏍᎩᏂ ᎤᏍᏗ ᎦᎶᎯᏍᏗᏱ ᏗᎪᏢᏒ *ᏫᏥᎦᏘ*; …",
Mismatched asterisk count: Syllabary(1) vs Phonetic(0),e6a8286e29b0cae4,lily-dict.csv,,[ᏧᏁᎶᏗ ᏚᏂᎩᏒᏒᎢ],"ᎾᏉᏃ ᎦᎶᎯᏍᏗᏱ ᏓᏳᎷᏨᎯ ᎦᏁᎳ *ᏭᏯᏅᎲᎩ*, ᎾᏍᎩᏃ ᎪᎯ ᎢᏴᏛ ᎤᎷᏤᎸᎩ ᏧᏁᎶᏗ, ᎠᎴ ᎢᏳᏍᏗ ᎤᎸᏏᎸ ᎤᏛᏛᏅᎩ.",
Mismatched asterisk count: Syllabary(1) vs Phonetic(0),d3c301a34ab5d4ed,lily-dict.csv,,[ᏣᎳᎩ ᏅᎩᏁ ᏗᏂᏂᏙᎯ ᏗᏕᏲᏙᏗ],"ᎦᏙ ᎤᏍᏗ ᎠᏓᏁᎭ? ᎭᏑᏯᎩ. ᏙᏗᏍᎩᏂᎥᏏ: Ꭰ) *ᏪᏌ*, Ꭱ) ᏅᏯ, Ꭲ) ᏐᏈᎵ.",
Mismatched asterisk count: Syllabary(1) vs Phonetic(0),c36742b267fe766f,lily-dict.csv,,[ᎷᎦ 2:24],"… ᎠᏂᏔᎵ ᏧᎴᏗᏂᏍᎪᏂᎯ, ᎠᎴ ᎠᏂᏔᎵ ᎠᏂᏛ *ᏬᏱ*.",
Mismatched asterisk count: Syllabary(1) vs Phonetic(0),ea4a7b3b27f6a489,lily-dict.csv,,[ᎷᎦ 13:29],"ᏗᎧᎸᎬᏃ ᎢᏗᏢ ᏗᏂᎶᏍᎨᏍᏗ, ᎠᎴ *ᏭᏕᎵᎬᎢ*, ᎠᎴ ᏧᏴᏢᎢ, ᎠᎴ ᏧᎦᎾᏮᎢ, …",
Mismatched asterisk count: Syllabary(1) vs Phonetic(0),1b8af791ae787d7b,lily-dict.csv,,[ᎹᏚ 6:34],… *ᏰᎵᏉ* ᎤᏲ ᎢᎦ ᎤᏪᎲᎢ.,
Mismatched asterisk count: Syllabary(1) vs Phonetic(0),67ed48b3cb3ad370,lily-dict.csv,,[ᏣᎳᎩ ᏔᎵᏁ ᏗᏂᏂᏙᎯ ᏗᏕᏲᏙᏗ],ᎭᏢ *ᏲᎾ* ᎠᏓ?,
Mismatched asterisk count: Syllabary(1) vs Phonetic(0),00a5ac1bf200fdae,lily-dict.csv,,[King pg 121],ᏦᎢᏯᏂ ᏚᎴᎢ *ᏴᎩ* ᎤᏩᏑᎦᎵ.,
Mismatched asterisk count: Syllabary(1) vs Phonetic(0),e5d04b86af8f089e,lily-dict.csv,,[King pp 121-123],ᎡᏘᏴᏃ ᏥᎨᏎᎢ ᎡᎮᎢ ᎠᎦᏴᎵᎨᎢ *ᏴᎩ ᎤᏩᏑᎦᎵ* ᏚᏙᎡᎢ.,
Mismatched asterisk count: Syllabary(1) vs Phonetic(0),51369034d551fb56,lily-dict.csv,,[ᏧᏁᎶᏗ ᏚᏂᎩᏒᏒᎢ],"… ᏧᏁᎶᏗ ᏭᎪᎲᎩ *ᏴᏫ* ᎤᏙᎵᏍᏙᏍᏛ ᏗᏟᎶᏍᏔᏅᎯ, ᎾᎿ ᎧᏅᏑᎸ ᎦᏛᎩ; …",
